[
  {
    "_id": "60f623d0f2861584c56e2660",
    "index": 0,
    "vehicleid": "438312bc-a4c8-45db-830f-7ec530146a72",
    "vehiclename": "Buick",
    "cost": "$9,387.00",
    "Fuel": "Electric",
    "color": "white",
    "seatingcapacity": "2 seater",
    "currentowner": "Blanca Simpson",
    "Transmission": "manual",
    "sellingcompany": "Company2",
    "phone": "+1 (829) 572-3498",
    "address": "402 Meadow Street, Basye, Kentucky, 3561",
    "about": "Ullamco tempor ipsum officia excepteur culpa sunt enim. Adipisicing nostrud adipisicing consequat magna do. Ut mollit id Lorem commodo cupidatat. Duis eiusmod commodo sunt consequat ex ipsum officia culpa. Mollit laborum tempor quis sit. Fugiat eu pariatur commodo adipisicing laborum laboris mollit incididunt ipsum. Est laborum aliquip ut est ea.\r\n",
    "eventtime": "2015-04-25T10:03:53 -06:-30",
    "latitude": 53.788605,
    "longitude": 28.656483,
    "owners": [
      {
        "phone": "+1 (896) 412-2343",
        "name": "Burton Chase"
      },
      {
        "phone": "+1 (857) 575-3797",
        "name": "Williams Decker"
      }
    ]
  },
  {
    "_id": "60f623d0b164af3c012566e9",
    "index": 1,
    "vehicleid": "0edb6601-ffac-456e-b814-9909848e7bb0",
    "vehiclename": "Chevrolet",
    "cost": "$9,885.36",
    "Fuel": "Electric",
    "color": "white",
    "seatingcapacity": "2 seater",
    "currentowner": "Deborah Hubbard",
    "Transmission": "automatic",
    "sellingcompany": "Company3",
    "phone": "+1 (926) 561-3392",
    "address": "563 Balfour Place, Springhill, New Hampshire, 9055",
    "about": "Laboris non incididunt exercitation enim occaecat aute Lorem exercitation nisi cupidatat cupidatat cillum. Qui ut ea ullamco fugiat non ullamco anim in pariatur sit. Enim officia in consequat veniam excepteur deserunt mollit laboris occaecat sunt dolore elit aute culpa. Duis elit ad fugiat eu Lorem ad veniam aute aliqua veniam officia aliqua quis ad. Commodo nostrud deserunt do quis. Voluptate cupidatat deserunt irure est mollit do laborum esse dolore occaecat fugiat reprehenderit id voluptate. Magna aliqua consequat ad esse tempor irure.\r\n",
    "eventtime": "2021-04-15T12:04:33 -06:-30",
    "latitude": 46.797139,
    "longitude": -143.152879,
    "owners": [
      {
        "phone": "+1 (868) 450-3041",
        "name": "Galloway Woods"
      },
      {
        "phone": "+1 (996) 430-3875",
        "name": "Chaney Martin"
      }
    ]
  },
  {
    "_id": "60f623d0722a2004debafe2a",
    "index": 2,
    "vehicleid": "0978cf58-c0d5-4eb6-8d95-4a6ea3d7bedf",
    "vehiclename": "Ford",
    "cost": "$4,590.10",
    "Fuel": "diesel",
    "color": "white",
    "seatingcapacity": "2 seater",
    "currentowner": "Bobbi Vincent",
    "Transmission": "automatic",
    "sellingcompany": "Company2",
    "phone": "+1 (999) 407-2375",
    "address": "952 Bedford Place, Convent, Palau, 227",
    "about": "Sunt commodo magna proident pariatur quis sit sunt duis ipsum. Consectetur cillum consectetur quis ex consequat aliquip do qui id culpa anim. Fugiat Lorem cupidatat eu tempor exercitation qui elit nulla. In eiusmod aute do commodo ex velit velit veniam. Aliqua est proident labore duis cillum laborum irure incididunt nulla velit deserunt et quis. Magna magna officia elit deserunt incididunt tempor consectetur culpa do. Consectetur Lorem fugiat pariatur minim velit eiusmod amet Lorem.\r\n",
    "eventtime": "2014-11-08T03:13:50 -06:-30",
    "latitude": -85.127532,
    "longitude": -99.943309,
    "owners": [
      {
        "phone": "+1 (919) 431-2833",
        "name": "Susanna Weber"
      },
      {
        "phone": "+1 (822) 441-2354",
        "name": "Hamilton Chambers"
      }
    ]
  },
  {
    "_id": "60f623d025f74f31b40d32e9",
    "index": 3,
    "vehicleid": "5e8945bc-776d-40de-b850-bb9163a80aae",
    "vehiclename": "Jeep",
    "cost": "$8,818.92",
    "Fuel": "diesel",
    "color": "blue",
    "seatingcapacity": "4 seater",
    "currentowner": "Lucille Colon",
    "Transmission": "automatic",
    "sellingcompany": "Company3",
    "phone": "+1 (855) 434-3465",
    "address": "124 Agate Court, Draper, Oklahoma, 5960",
    "about": "Eu occaecat aliqua minim culpa dolor do eu excepteur magna commodo anim dolor. Nulla minim proident reprehenderit Lorem et. Sunt excepteur nostrud in cupidatat elit in exercitation deserunt laborum dolor amet sint amet. Voluptate ex laboris anim cupidatat pariatur velit laboris eiusmod deserunt veniam voluptate in laboris occaecat. Eiusmod laborum ut eu ullamco nulla quis. Nulla commodo anim nulla ut amet anim fugiat minim aute aliquip dolore labore.\r\n",
    "eventtime": "2020-08-02T06:52:36 -06:-30",
    "latitude": -68.521079,
    "longitude": 77.511054,
    "owners": [
      {
        "phone": "+1 (995) 489-2069",
        "name": "Louella Watson"
      },
      {
        "phone": "+1 (886) 592-2153",
        "name": "Alexander Kelley"
      }
    ]
  },
  {
    "_id": "60f623d08e054cf9d1718de4",
    "index": 4,
    "vehicleid": "a7aefbd3-2192-4b2a-b337-83636827ce2c",
    "vehiclename": "Buick",
    "cost": "$9,680.07",
    "Fuel": "petrol",
    "color": "white",
    "seatingcapacity": "2 seater",
    "currentowner": "Michael Whitley",
    "Transmission": "manual",
    "sellingcompany": "Company2",
    "phone": "+1 (916) 458-2360",
    "address": "153 Perry Place, Edgewater, New Jersey, 8185",
    "about": "Ipsum non ipsum occaecat sunt duis eiusmod qui. Excepteur nisi proident velit fugiat cillum id in eu sunt irure irure aliqua sint minim. Deserunt adipisicing pariatur consequat nisi cupidatat eiusmod aliqua ullamco consequat. Id cupidatat officia exercitation ullamco quis pariatur consequat velit anim duis irure fugiat.\r\n",
    "eventtime": "2016-10-14T08:09:51 -06:-30",
    "latitude": 13.189939,
    "longitude": 58.760865,
    "owners": [
      {
        "phone": "+1 (929) 450-3688",
        "name": "Peck Hartman"
      },
      {
        "phone": "+1 (874) 584-3615",
        "name": "Annabelle Dean"
      }
    ]
  },
  {
    "_id": "60f623d0a4621170d27fa820",
    "index": 5,
    "vehicleid": "6ce8f0ab-721e-4002-b7f7-10c21476da2e",
    "vehiclename": "Buick",
    "cost": "$7,919.96",
    "Fuel": "Electric",
    "color": "black",
    "seatingcapacity": "5 seater",
    "currentowner": "Patrick Benton",
    "Transmission": "automatic",
    "sellingcompany": "Company3",
    "phone": "+1 (834) 405-2706",
    "address": "376 Doscher Street, Chilton, Michigan, 8809",
    "about": "Laborum commodo tempor cillum reprehenderit tempor officia. Amet aliqua dolor officia culpa aliqua anim officia. Est consectetur laboris ex officia velit aute. Pariatur est nostrud anim incididunt adipisicing proident dolore. Ea fugiat mollit eu occaecat sit ipsum do sint. Irure consequat magna pariatur labore consectetur dolor incididunt fugiat eu ad deserunt id. Amet occaecat quis adipisicing in reprehenderit exercitation nisi eu.\r\n",
    "eventtime": "2015-04-14T12:49:54 -06:-30",
    "latitude": 21.720139,
    "longitude": -157.670344,
    "owners": [
      {
        "phone": "+1 (816) 490-3358",
        "name": "Thomas Garner"
      },
      {
        "phone": "+1 (860) 477-3969",
        "name": "Meyer Thornton"
      }
    ]
  },
  {
    "_id": "60f623d08757a5bfaa56c0f6",
    "index": 6,
    "vehicleid": "e40f1cf5-2d58-43bb-8130-81ef014942a8",
    "vehiclename": "Chevrolet",
    "cost": "$2,823.57",
    "Fuel": "diesel",
    "color": "blue",
    "seatingcapacity": "2 seater",
    "currentowner": "Hodges Holloway",
    "Transmission": "automatic",
    "sellingcompany": "Company3",
    "phone": "+1 (800) 528-2799",
    "address": "806 Vanderveer Street, Salix, Montana, 3559",
    "about": "Ipsum ipsum officia incididunt sit eu reprehenderit sunt exercitation occaecat nostrud officia cillum id id. Aute reprehenderit occaecat magna cupidatat veniam eu commodo. Eiusmod ad qui mollit et mollit amet amet elit officia nisi irure est esse excepteur.\r\n",
    "eventtime": "2014-01-16T10:13:25 -06:-30",
    "latitude": 46.30713,
    "longitude": 45.786955,
    "owners": [
      {
        "phone": "+1 (961) 448-3543",
        "name": "Elnora Mercado"
      },
      {
        "phone": "+1 (957) 526-2672",
        "name": "Brooks Carr"
      }
    ]
  },
  {
    "_id": "60f623d0b153ee3b80fa534a",
    "index": 7,
    "vehicleid": "d74bebfa-85fd-46fd-9120-4dde27687072",
    "vehiclename": "Chevrolet",
    "cost": "$8,630.07",
    "Fuel": "petrol",
    "color": "green",
    "seatingcapacity": "4 seater",
    "currentowner": "Jennifer Beach",
    "Transmission": "automatic",
    "sellingcompany": "Company2",
    "phone": "+1 (908) 525-2170",
    "address": "399 Taaffe Place, Glasgow, South Dakota, 7898",
    "about": "In aute ut nulla mollit do irure in aliquip et pariatur fugiat veniam deserunt. Adipisicing nulla laboris id ullamco ipsum aliquip adipisicing labore exercitation. Commodo dolor est dolor do cillum nisi minim dolor aute dolore amet aliqua. Eu tempor tempor magna mollit anim irure exercitation ipsum. Commodo non id magna veniam in excepteur cupidatat consectetur. Do aute ullamco tempor enim anim ea pariatur magna esse commodo excepteur excepteur ad id. Aliqua aute nostrud dolor laborum.\r\n",
    "eventtime": "2017-12-22T05:15:12 -06:-30",
    "latitude": -77.246783,
    "longitude": 146.638448,
    "owners": [
      {
        "phone": "+1 (976) 414-2198",
        "name": "Yolanda Small"
      },
      {
        "phone": "+1 (877) 523-2189",
        "name": "Bradley Tanner"
      }
    ]
  },
  {
    "_id": "60f623d0c42caec0df4f9c09",
    "index": 8,
    "vehicleid": "6eb9cb67-4c11-4371-ab6c-c5875f42604e",
    "vehiclename": "Jeep",
    "cost": "$4,205.68",
    "Fuel": "petrol",
    "color": "brown",
    "seatingcapacity": "2 seater",
    "currentowner": "Cash Kirby",
    "Transmission": "automatic",
    "sellingcompany": "Company2",
    "phone": "+1 (802) 479-2003",
    "address": "879 Jaffray Street, Ezel, Washington, 4515",
    "about": "Ad culpa excepteur est officia ad laborum dolor ea id. Velit Lorem ea occaecat ex. Laborum nisi nulla nulla nulla culpa nostrud irure ullamco tempor laboris occaecat irure. Proident qui sit exercitation labore eiusmod minim aute id commodo duis commodo. Est minim minim consequat qui tempor dolore veniam laborum dolore irure ut. Do irure cillum reprehenderit cupidatat excepteur aliquip ex nisi adipisicing do sit minim. Eu sint esse sint commodo dolore aute veniam id quis fugiat exercitation.\r\n",
    "eventtime": "2018-08-26T04:38:32 -06:-30",
    "latitude": -2.290316,
    "longitude": -106.28518,
    "owners": [
      {
        "phone": "+1 (816) 548-3198",
        "name": "Terrell Bond"
      },
      {
        "phone": "+1 (845) 439-2108",
        "name": "Diane Bowman"
      }
    ]
  },
  {
    "_id": "60f623d0bb30d51907acfd57",
    "index": 9,
    "vehicleid": "d09163d2-5c89-4036-b5fc-c6400bb87ef6",
    "vehiclename": "Cadillac",
    "cost": "$2,249.56",
    "Fuel": "Electric",
    "color": "green",
    "seatingcapacity": "2 seater",
    "currentowner": "Kenya Monroe",
    "Transmission": "automatic",
    "sellingcompany": "Company3",
    "phone": "+1 (842) 478-2707",
    "address": "620 Ashford Street, Chical, Georgia, 9629",
    "about": "Exercitation eu magna aute fugiat duis elit incididunt irure esse amet Lorem. Exercitation labore excepteur ut ut sint reprehenderit incididunt occaecat aliqua. Nostrud irure sit mollit amet qui fugiat. Qui officia irure ea consequat dolore laboris eu in in anim consectetur fugiat commodo. Laborum laborum aliqua aute non aliqua labore dolore aliquip ex non. Officia voluptate tempor irure pariatur aliquip ullamco ullamco.\r\n",
    "eventtime": "2014-07-18T02:13:11 -06:-30",
    "latitude": 36.873385,
    "longitude": -2.73011,
    "owners": [
      {
        "phone": "+1 (896) 562-3226",
        "name": "Barry Riley"
      },
      {
        "phone": "+1 (912) 571-2609",
        "name": "Frank Eaton"
      }
    ]
  },
  {
    "_id": "60f623d0c2b81d33dfd24fa4",
    "index": 10,
    "vehicleid": "7274324b-67a7-43ff-bb3b-aa5f8a7de214",
    "vehiclename": "Cadillac",
    "cost": "$2,846.52",
    "Fuel": "Electric",
    "color": "black",
    "seatingcapacity": "7 seater",
    "currentowner": "Fran Chan",
    "Transmission": "manual",
    "sellingcompany": "Company4",
    "phone": "+1 (868) 420-3453",
    "address": "693 Ross Street, Comptche, West Virginia, 3106",
    "about": "Sit exercitation anim magna veniam consequat id excepteur reprehenderit duis eu esse ullamco commodo. Consectetur occaecat incididunt sint dolor ad proident ad. Ex et ea incididunt consequat est commodo eiusmod.\r\n",
    "eventtime": "2021-03-25T08:18:46 -06:-30",
    "latitude": 1.693401,
    "longitude": 146.404951,
    "owners": [
      {
        "phone": "+1 (834) 557-2195",
        "name": "Alyson Griffith"
      },
      {
        "phone": "+1 (878) 480-2426",
        "name": "Vicky Osborne"
      }
    ]
  },
  {
    "_id": "60f623d0156ddecd35a88fb4",
    "index": 11,
    "vehicleid": "430b9230-7b86-4e88-947c-c1679da1f715",
    "vehiclename": "Jeep",
    "cost": "$6,827.40",
    "Fuel": "Electric",
    "color": "blue",
    "seatingcapacity": "4 seater",
    "currentowner": "Blanche Rodriquez",
    "Transmission": "automatic",
    "sellingcompany": "Company4",
    "phone": "+1 (917) 447-2615",
    "address": "265 McKibbin Street, Elliott, Alaska, 1230",
    "about": "Sit exercitation culpa mollit velit laboris do velit pariatur veniam velit culpa. Reprehenderit culpa culpa non veniam ad ut ut id do. Magna quis aliquip pariatur adipisicing tempor irure qui aliquip officia duis cupidatat. Nostrud et ullamco non officia nulla Lorem nostrud fugiat. Sunt exercitation in est aliqua amet consequat voluptate tempor commodo elit non amet sit. Aute cillum commodo magna eiusmod ad culpa deserunt aliqua aute et id aliquip est.\r\n",
    "eventtime": "2017-09-17T01:47:01 -06:-30",
    "latitude": 27.548491,
    "longitude": -4.572946,
    "owners": [
      {
        "phone": "+1 (957) 468-3467",
        "name": "Vaughn Brady"
      },
      {
        "phone": "+1 (959) 524-3324",
        "name": "Nancy Nixon"
      }
    ]
  },
  {
    "_id": "60f623d06f44c8786aa0e475",
    "index": 12,
    "vehicleid": "a0d991f3-1652-4080-b74f-fc914d3db60c",
    "vehiclename": "Buick",
    "cost": "$2,218.28",
    "Fuel": "petrol",
    "color": "green",
    "seatingcapacity": "2 seater",
    "currentowner": "Carolyn Raymond",
    "Transmission": "automatic",
    "sellingcompany": "Company4",
    "phone": "+1 (850) 548-2357",
    "address": "792 Whitney Avenue, Hannasville, Tennessee, 7705",
    "about": "Elit et enim id incididunt aliqua exercitation aliqua in non proident. Velit laboris cupidatat sit Lorem ea sint culpa quis deserunt. Sit consectetur est labore incididunt mollit nulla sunt dolor magna sint et.\r\n",
    "eventtime": "2016-10-15T07:56:32 -06:-30",
    "latitude": -59.405372,
    "longitude": 124.199181,
    "owners": [
      {
        "phone": "+1 (866) 507-3673",
        "name": "Blanchard Larsen"
      },
      {
        "phone": "+1 (867) 546-3285",
        "name": "Sadie Morrison"
      }
    ]
  },
  {
    "_id": "60f623d0b52d0365ecdeb0db",
    "index": 13,
    "vehicleid": "9474b3e2-1ee5-4375-b54b-4e963ec4d818",
    "vehiclename": "Cadillac",
    "cost": "$9,116.64",
    "Fuel": "Electric",
    "color": "blue",
    "seatingcapacity": "4 seater",
    "currentowner": "Shari Combs",
    "Transmission": "manual",
    "sellingcompany": "Company4",
    "phone": "+1 (840) 458-3404",
    "address": "850 Allen Avenue, Wauhillau, Wisconsin, 3267",
    "about": "Voluptate qui fugiat proident pariatur officia. Minim eu ipsum dolore irure et tempor sunt dolor ipsum adipisicing dolor duis. Enim amet mollit nisi laboris pariatur et ullamco.\r\n",
    "eventtime": "2015-12-02T12:34:33 -06:-30",
    "latitude": -89.673981,
    "longitude": -147.01594,
    "owners": [
      {
        "phone": "+1 (877) 456-2832",
        "name": "Day Richard"
      },
      {
        "phone": "+1 (905) 521-3035",
        "name": "Cardenas York"
      }
    ]
  },
  {
    "_id": "60f623d031cddccf179c6266",
    "index": 14,
    "vehicleid": "282fa81e-7a6e-49c1-b0db-67d34e8e885a",
    "vehiclename": "Jeep",
    "cost": "$3,836.94",
    "Fuel": "Electric",
    "color": "brown",
    "seatingcapacity": "5 seater",
    "currentowner": "Whitfield Castro",
    "Transmission": "automatic",
    "sellingcompany": "Company1",
    "phone": "+1 (930) 526-3926",
    "address": "515 Juliana Place, Tampico, Ohio, 8033",
    "about": "Ut aliqua incididunt qui ipsum elit fugiat Lorem consequat commodo exercitation adipisicing mollit occaecat. Magna sint enim non est proident ut amet ipsum mollit. Tempor reprehenderit pariatur sunt Lorem mollit ad ex pariatur non ad commodo veniam aliquip occaecat. Esse veniam commodo consectetur dolor do voluptate velit. Minim sunt excepteur commodo elit id officia qui est labore elit duis laborum mollit nostrud.\r\n",
    "eventtime": "2016-05-02T05:30:46 -06:-30",
    "latitude": 50.961739,
    "longitude": 154.777426,
    "owners": [
      {
        "phone": "+1 (931) 552-2415",
        "name": "Vang Mason"
      },
      {
        "phone": "+1 (893) 578-3528",
        "name": "Dorthy Chandler"
      }
    ]
  },
  {
    "_id": "60f623d088b8c275707d4018",
    "index": 15,
    "vehicleid": "a3623283-5a1b-45e4-9735-11aa0bf5b969",
    "vehiclename": "Jeep",
    "cost": "$4,066.65",
    "Fuel": "Electric",
    "color": "green",
    "seatingcapacity": "4 seater",
    "currentowner": "Becky Lamb",
    "Transmission": "manual",
    "sellingcompany": "Company4",
    "phone": "+1 (824) 459-3307",
    "address": "897 Hooper Street, Elwood, Connecticut, 8574",
    "about": "Sint proident pariatur incididunt Lorem consequat culpa id magna pariatur mollit. Labore fugiat voluptate minim aliquip qui elit eu duis amet elit dolor ut ut veniam. Duis est ex eu do sunt adipisicing Lorem adipisicing.\r\n",
    "eventtime": "2019-09-23T01:15:13 -06:-30",
    "latitude": 54.345826,
    "longitude": 1.537294,
    "owners": [
      {
        "phone": "+1 (928) 479-3593",
        "name": "Ester Maynard"
      },
      {
        "phone": "+1 (989) 543-3160",
        "name": "Judy Flynn"
      }
    ]
  },
  {
    "_id": "60f623d0a16052b25a370bec",
    "index": 16,
    "vehicleid": "36de6242-eb4e-4858-b8ea-8f879d2f4f70",
    "vehiclename": "Chevrolet",
    "cost": "$3,259.99",
    "Fuel": "diesel",
    "color": "green",
    "seatingcapacity": "2 seater",
    "currentowner": "Randolph Gutierrez",
    "Transmission": "automatic",
    "sellingcompany": "Company4",
    "phone": "+1 (892) 581-3135",
    "address": "752 Navy Walk, Tilden, Indiana, 4275",
    "about": "Aliqua commodo eu dolore laboris tempor laborum tempor cupidatat consequat labore Lorem sit incididunt. Exercitation pariatur tempor sunt mollit magna enim nulla ullamco cupidatat. Esse incididunt id fugiat aliquip tempor. Aliqua elit adipisicing eiusmod adipisicing exercitation Lorem anim ad excepteur reprehenderit aute exercitation enim officia. Ipsum magna officia deserunt cupidatat in commodo ad nisi consectetur velit irure reprehenderit.\r\n",
    "eventtime": "2018-12-08T10:33:16 -06:-30",
    "latitude": 28.607386,
    "longitude": 26.770575,
    "owners": [
      {
        "phone": "+1 (853) 400-3889",
        "name": "Cooke Rodgers"
      },
      {
        "phone": "+1 (883) 459-2110",
        "name": "Kemp Dorsey"
      }
    ]
  },
  {
    "_id": "60f623d0860b794b09edc055",
    "index": 17,
    "vehicleid": "473d331e-ff3b-4b19-a91c-a6ac3bf96c1b",
    "vehiclename": "Chevrolet",
    "cost": "$8,184.90",
    "Fuel": "petrol",
    "color": "blue",
    "seatingcapacity": "7 seater",
    "currentowner": "Copeland Roman",
    "Transmission": "manual",
    "sellingcompany": "Company3",
    "phone": "+1 (904) 429-3752",
    "address": "802 Downing Street, Baker, Florida, 6946",
    "about": "Laborum laboris ea tempor pariatur anim in non. Laborum cupidatat cillum veniam dolor deserunt. Anim cupidatat cupidatat magna est. Occaecat laboris aliqua ex labore tempor. Velit velit commodo commodo velit do qui. Eiusmod eu nisi et adipisicing excepteur sunt.\r\n",
    "eventtime": "2014-03-28T12:18:16 -06:-30",
    "latitude": -56.873137,
    "longitude": -38.033413,
    "owners": [
      {
        "phone": "+1 (811) 588-3256",
        "name": "Travis Hawkins"
      },
      {
        "phone": "+1 (893) 501-3666",
        "name": "Kerri Contreras"
      }
    ]
  },
  {
    "_id": "60f623d073e58ebcb83590a9",
    "index": 18,
    "vehicleid": "728a5fc6-b816-453c-9bc0-5a43609533d7",
    "vehiclename": "Jeep",
    "cost": "$8,027.87",
    "Fuel": "Electric",
    "color": "brown",
    "seatingcapacity": "5 seater",
    "currentowner": "Monica Huffman",
    "Transmission": "automatic",
    "sellingcompany": "Company3",
    "phone": "+1 (976) 554-3806",
    "address": "699 Pioneer Street, Lowell, Marshall Islands, 9310",
    "about": "Commodo occaecat minim sint excepteur ad est qui veniam excepteur aliquip irure tempor occaecat. Et excepteur fugiat deserunt est. Exercitation do culpa elit Lorem.\r\n",
    "eventtime": "2014-11-19T08:00:01 -06:-30",
    "latitude": 28.328379,
    "longitude": 138.699618,
    "owners": [
      {
        "phone": "+1 (953) 427-2016",
        "name": "Benton Arnold"
      },
      {
        "phone": "+1 (955) 534-2920",
        "name": "Watkins Sloan"
      }
    ]
  },
  {
    "_id": "60f623d0e86f8c707d0f5aa0",
    "index": 19,
    "vehicleid": "515c4435-7288-4a6d-acfd-e8926ac7a33f",
    "vehiclename": "Cadillac",
    "cost": "$3,339.40",
    "Fuel": "Electric",
    "color": "blue",
    "seatingcapacity": "7 seater",
    "currentowner": "Celeste Robbins",
    "Transmission": "manual",
    "sellingcompany": "Company1",
    "phone": "+1 (853) 489-2354",
    "address": "626 Dikeman Street, Boling, Louisiana, 3057",
    "about": "Est aliquip dolor pariatur incididunt velit ullamco nisi nostrud minim do anim. Eu amet non ut velit amet. Enim minim sint exercitation ea aliquip pariatur ut esse eu velit pariatur. Culpa magna do esse et. Lorem elit veniam laborum proident in ut consectetur mollit consequat. Ad aliqua aliqua proident in et excepteur aliqua qui reprehenderit. Do ad minim voluptate ullamco ullamco irure qui sit.\r\n",
    "eventtime": "2015-08-06T06:45:42 -06:-30",
    "latitude": -61.678363,
    "longitude": -163.579085,
    "owners": [
      {
        "phone": "+1 (989) 505-2045",
        "name": "Farrell Garrett"
      },
      {
        "phone": "+1 (982) 546-2691",
        "name": "Ingrid Blackwell"
      }
    ]
  },
  {
    "_id": "60f623d0d55bfa572b382eb1",
    "index": 20,
    "vehicleid": "e5e92d9d-62ee-43dd-a294-1193c51e2faf",
    "vehiclename": "Cadillac",
    "cost": "$9,706.84",
    "Fuel": "petrol",
    "color": "white",
    "seatingcapacity": "2 seater",
    "currentowner": "Reese Cameron",
    "Transmission": "manual",
    "sellingcompany": "Company2",
    "phone": "+1 (805) 436-2280",
    "address": "153 Oceanview Avenue, Duryea, Minnesota, 3545",
    "about": "Amet et sunt occaecat commodo duis anim magna id commodo consequat. Irure nostrud tempor anim ad exercitation pariatur commodo irure nostrud et irure aliqua sunt consectetur. Ut elit ullamco ea sint irure sit labore Lorem aliquip laborum ad.\r\n",
    "eventtime": "2020-03-01T05:53:21 -06:-30",
    "latitude": 73.333402,
    "longitude": 141.320395,
    "owners": [
      {
        "phone": "+1 (943) 455-2785",
        "name": "Elinor Cervantes"
      },
      {
        "phone": "+1 (951) 478-2641",
        "name": "Charles Welch"
      }
    ]
  },
  {
    "_id": "60f623d0970b3d31c775707b",
    "index": 21,
    "vehicleid": "d2d50d43-1109-4dba-8e79-551e6891a11c",
    "vehiclename": "Chevrolet",
    "cost": "$2,117.01",
    "Fuel": "petrol",
    "color": "black",
    "seatingcapacity": "7 seater",
    "currentowner": "Bertie Anthony",
    "Transmission": "automatic",
    "sellingcompany": "Company1",
    "phone": "+1 (887) 450-2163",
    "address": "188 Clara Street, Hebron, Iowa, 4178",
    "about": "Elit aliquip deserunt elit ut ex laborum laboris laboris elit. Commodo duis consequat laboris ullamco velit mollit minim laborum quis exercitation. Culpa dolore ullamco ea fugiat nostrud enim qui incididunt nostrud ipsum.\r\n",
    "eventtime": "2019-01-08T08:33:28 -06:-30",
    "latitude": -40.917992,
    "longitude": -69.539311,
    "owners": [
      {
        "phone": "+1 (901) 457-2192",
        "name": "Reyes Pearson"
      },
      {
        "phone": "+1 (974) 510-2619",
        "name": "Simmons Fitzgerald"
      }
    ]
  },
  {
    "_id": "60f623d0425b0cbc3ed24947",
    "index": 22,
    "vehicleid": "3b1024b8-c3b9-4e26-94ac-19d530dd3c41",
    "vehiclename": "Buick",
    "cost": "$3,151.46",
    "Fuel": "Electric",
    "color": "black",
    "seatingcapacity": "2 seater",
    "currentowner": "Mayer Warner",
    "Transmission": "automatic",
    "sellingcompany": "Company3",
    "phone": "+1 (834) 482-3306",
    "address": "717 Harman Street, Hessville, Virginia, 365",
    "about": "Non officia quis consectetur nisi ullamco sit ipsum. Laboris ad culpa ex ipsum dolor deserunt veniam id in id sint ullamco cillum. Mollit irure dolor sit voluptate id ad. Id ullamco laborum adipisicing velit magna sit exercitation incididunt culpa aliqua magna sunt fugiat. Occaecat aute officia incididunt magna. Commodo dolore excepteur sit enim amet amet mollit aliquip. Occaecat ut aute cillum adipisicing velit mollit reprehenderit id pariatur dolor et Lorem.\r\n",
    "eventtime": "2016-07-12T02:46:51 -06:-30",
    "latitude": -78.405201,
    "longitude": 65.961052,
    "owners": [
      {
        "phone": "+1 (881) 404-2979",
        "name": "Stephens Nicholson"
      },
      {
        "phone": "+1 (886) 511-3038",
        "name": "Mcintyre Cobb"
      }
    ]
  },
  {
    "_id": "60f623d077bdc65301f9e571",
    "index": 23,
    "vehicleid": "93cf7417-30f3-42e0-b1d9-54569a18599d",
    "vehiclename": "Cadillac",
    "cost": "$3,051.47",
    "Fuel": "petrol",
    "color": "white",
    "seatingcapacity": "7 seater",
    "currentowner": "Vera Cash",
    "Transmission": "automatic",
    "sellingcompany": "Company3",
    "phone": "+1 (984) 528-2259",
    "address": "139 Vandervoort Place, Cliff, Guam, 2505",
    "about": "Veniam velit ex occaecat Lorem ex. Voluptate commodo enim reprehenderit aliqua in. Quis enim ad in id incididunt. Mollit eiusmod culpa exercitation sint veniam est nostrud exercitation. Fugiat anim magna anim fugiat laboris minim ullamco ad aliquip elit nulla sint voluptate. Proident aliquip anim consequat culpa velit culpa ut id do esse labore aliquip sunt quis.\r\n",
    "eventtime": "2016-01-06T04:44:14 -06:-30",
    "latitude": -39.969532,
    "longitude": 160.376528,
    "owners": [
      {
        "phone": "+1 (889) 443-2753",
        "name": "Myers Mueller"
      },
      {
        "phone": "+1 (866) 579-3647",
        "name": "Milagros Parsons"
      }
    ]
  },
  {
    "_id": "60f623d05521a7290dffae8a",
    "index": 24,
    "vehicleid": "cb4f7cc7-bc22-45e4-9426-3d6d5350f047",
    "vehiclename": "Jeep",
    "cost": "$2,172.23",
    "Fuel": "Electric",
    "color": "blue",
    "seatingcapacity": "2 seater",
    "currentowner": "Frances Landry",
    "Transmission": "automatic",
    "sellingcompany": "Company4",
    "phone": "+1 (933) 403-3587",
    "address": "980 Mersereau Court, Ballico, South Carolina, 383",
    "about": "Amet mollit pariatur nulla proident fugiat ea velit. Et est est ut eu deserunt amet sint quis consequat cupidatat sunt culpa laboris. Irure adipisicing fugiat aliquip officia deserunt qui.\r\n",
    "eventtime": "2016-12-05T06:50:16 -06:-30",
    "latitude": -30.98121,
    "longitude": 169.297333,
    "owners": [
      {
        "phone": "+1 (946) 491-2420",
        "name": "Gladys Berg"
      },
      {
        "phone": "+1 (813) 432-2605",
        "name": "Isabel Maldonado"
      }
    ]
  },
  {
    "_id": "60f623d0a0b5aa45d0c44733",
    "index": 25,
    "vehicleid": "25f37c80-29aa-43d9-a746-693a6e4ab257",
    "vehiclename": "Ford",
    "cost": "$3,598.09",
    "Fuel": "petrol",
    "color": "white",
    "seatingcapacity": "5 seater",
    "currentowner": "Connie Whitney",
    "Transmission": "automatic",
    "sellingcompany": "Company2",
    "phone": "+1 (888) 426-2400",
    "address": "970 Dumont Avenue, Greenbackville, Vermont, 7898",
    "about": "Ipsum aute esse quis tempor amet id cillum eiusmod anim magna nisi exercitation tempor. Pariatur deserunt amet laboris ea irure deserunt occaecat laborum ea nisi. Fugiat velit reprehenderit Lorem ullamco et officia magna anim id ullamco officia in labore enim. Commodo tempor magna eiusmod ad duis adipisicing magna.\r\n",
    "eventtime": "2019-02-04T10:47:22 -06:-30",
    "latitude": -64.233968,
    "longitude": 106.56954,
    "owners": [
      {
        "phone": "+1 (983) 404-2638",
        "name": "Goff Owens"
      },
      {
        "phone": "+1 (922) 531-3523",
        "name": "Cynthia Dennis"
      }
    ]
  },
  {
    "_id": "60f623d0f09686229c194e0a",
    "index": 26,
    "vehicleid": "c06e8efd-1e08-4a15-8414-e61e77fafc5b",
    "vehiclename": "Cadillac",
    "cost": "$6,462.49",
    "Fuel": "petrol",
    "color": "brown",
    "seatingcapacity": "2 seater",
    "currentowner": "Tasha Hayes",
    "Transmission": "manual",
    "sellingcompany": "Company2",
    "phone": "+1 (970) 469-3956",
    "address": "755 Devon Avenue, Kieler, Maryland, 8538",
    "about": "Tempor aliqua ad elit quis enim quis consectetur Lorem ea. Excepteur incididunt magna id commodo non exercitation officia consequat. Cillum aliqua enim quis et veniam pariatur pariatur laborum amet.\r\n",
    "eventtime": "2019-06-04T01:04:03 -06:-30",
    "latitude": 89.710823,
    "longitude": -106.803827,
    "owners": [
      {
        "phone": "+1 (924) 577-2231",
        "name": "Wong Paul"
      },
      {
        "phone": "+1 (944) 402-3172",
        "name": "Long Harper"
      }
    ]
  },
  {
    "_id": "60f623d05fa9e01225d1e041",
    "index": 27,
    "vehicleid": "8e43ab43-90d2-4f58-8912-736ac1f9a205",
    "vehiclename": "Chevrolet",
    "cost": "$7,808.96",
    "Fuel": "petrol",
    "color": "blue",
    "seatingcapacity": "5 seater",
    "currentowner": "Hudson Ramsey",
    "Transmission": "manual",
    "sellingcompany": "Company3",
    "phone": "+1 (938) 417-2452",
    "address": "230 Seeley Street, Kansas, Massachusetts, 3444",
    "about": "Qui aliquip excepteur eu reprehenderit ipsum. Aliquip minim minim labore sit do. Non eu eu labore et qui culpa ullamco consequat elit aliqua enim aliquip.\r\n",
    "eventtime": "2014-07-18T10:11:43 -06:-30",
    "latitude": -0.774679,
    "longitude": -126.539186,
    "owners": [
      {
        "phone": "+1 (932) 507-2254",
        "name": "Powers Berry"
      },
      {
        "phone": "+1 (901) 465-2036",
        "name": "Obrien Schmidt"
      }
    ]
  },
  {
    "_id": "60f623d048ee917ab78ba1b4",
    "index": 28,
    "vehicleid": "3c580c1c-d525-43e0-943a-b0295756d5ed",
    "vehiclename": "Ford",
    "cost": "$7,913.51",
    "Fuel": "petrol",
    "color": "brown",
    "seatingcapacity": "2 seater",
    "currentowner": "Meghan Cote",
    "Transmission": "automatic",
    "sellingcompany": "Company1",
    "phone": "+1 (993) 555-3792",
    "address": "825 Manhattan Court, Coyote, Arkansas, 7287",
    "about": "Nostrud adipisicing quis sunt veniam pariatur. Lorem qui elit cupidatat voluptate ea cillum do excepteur occaecat eu dolore. Qui tempor Lorem sit excepteur incididunt enim labore sunt proident do ad laboris. Laborum labore aliquip sint do duis consequat occaecat non culpa proident officia.\r\n",
    "eventtime": "2015-06-22T01:32:17 -06:-30",
    "latitude": -37.842306,
    "longitude": 166.6782,
    "owners": [
      {
        "phone": "+1 (894) 430-2104",
        "name": "Roman Hewitt"
      },
      {
        "phone": "+1 (999) 474-2008",
        "name": "Cohen Boone"
      }
    ]
  },
  {
    "_id": "60f623d0b3b1428f11ffb52d",
    "index": 29,
    "vehicleid": "1316d98f-35df-4bf0-95ac-e555b0651c28",
    "vehiclename": "Buick",
    "cost": "$3,206.21",
    "Fuel": "Electric",
    "color": "black",
    "seatingcapacity": "5 seater",
    "currentowner": "Guadalupe Marshall",
    "Transmission": "automatic",
    "sellingcompany": "Company3",
    "phone": "+1 (913) 404-3372",
    "address": "349 Lawrence Avenue, Chemung, Delaware, 948",
    "about": "Laboris ipsum mollit incididunt ullamco. Lorem voluptate enim mollit non esse labore velit labore culpa eu velit ex reprehenderit Lorem. Adipisicing mollit Lorem quis aliqua ea velit consectetur dolor est consequat. Proident elit reprehenderit eiusmod est enim. Sint ex quis excepteur eu labore nulla et consequat dolor. Occaecat incididunt dolore veniam incididunt qui ipsum.\r\n",
    "eventtime": "2020-08-08T10:09:41 -06:-30",
    "latitude": -71.395227,
    "longitude": -107.506845,
    "owners": [
      {
        "phone": "+1 (842) 472-3450",
        "name": "Woodard Benjamin"
      },
      {
        "phone": "+1 (956) 503-3963",
        "name": "Barber Burris"
      }
    ]
  },
  {
    "_id": "60f623d0d929172f7a9f8121",
    "index": 30,
    "vehicleid": "46ffd1e8-ffba-4e7e-80d7-c564924f60b1",
    "vehiclename": "Ford",
    "cost": "$9,799.24",
    "Fuel": "diesel",
    "color": "brown",
    "seatingcapacity": "5 seater",
    "currentowner": "Gillespie Perry",
    "Transmission": "manual",
    "sellingcompany": "Company1",
    "phone": "+1 (833) 409-2262",
    "address": "843 Coleridge Street, Valmy, Puerto Rico, 5197",
    "about": "Fugiat proident non esse nulla fugiat cupidatat sit minim Lorem reprehenderit pariatur velit tempor labore. Ex nulla ut non laboris ex ex ullamco do dolor et velit eu ea cillum. Irure qui ea deserunt cillum non qui veniam anim enim nostrud est commodo pariatur voluptate. Ullamco eiusmod ut fugiat eu reprehenderit occaecat occaecat. Aute mollit reprehenderit adipisicing cillum aliqua consequat laborum Lorem excepteur aute nisi. Consequat minim reprehenderit proident aute ea amet pariatur.\r\n",
    "eventtime": "2020-02-12T01:33:03 -06:-30",
    "latitude": -42.0598,
    "longitude": 77.863722,
    "owners": [
      {
        "phone": "+1 (818) 599-3723",
        "name": "Tessa Underwood"
      },
      {
        "phone": "+1 (806) 495-2860",
        "name": "Moon Camacho"
      }
    ]
  },
  {
    "_id": "60f623d0bc458abd7944e9e6",
    "index": 31,
    "vehicleid": "1e1ded54-c91a-4ed3-b9c0-6bd25e3a9682",
    "vehiclename": "Cadillac",
    "cost": "$5,400.67",
    "Fuel": "petrol",
    "color": "green",
    "seatingcapacity": "5 seater",
    "currentowner": "Harrison Whitehead",
    "Transmission": "automatic",
    "sellingcompany": "Company1",
    "phone": "+1 (854) 593-3229",
    "address": "164 Lincoln Road, Campo, Pennsylvania, 1181",
    "about": "Laboris commodo sunt mollit ut nulla ut. Aliqua culpa irure velit officia deserunt pariatur aute commodo adipisicing ipsum amet elit anim cillum. Pariatur eu dolor labore deserunt occaecat nisi minim ipsum cupidatat anim velit veniam. Mollit tempor do in mollit reprehenderit labore culpa laboris non laborum ad sint.\r\n",
    "eventtime": "2020-04-19T01:12:00 -06:-30",
    "latitude": -85.830989,
    "longitude": 97.864283,
    "owners": [
      {
        "phone": "+1 (878) 539-3575",
        "name": "Betty Johnson"
      },
      {
        "phone": "+1 (834) 503-3060",
        "name": "Vickie Bruce"
      }
    ]
  },
  {
    "_id": "60f623d0839c6bdd2acd4d38",
    "index": 32,
    "vehicleid": "b5605d46-5fc1-4ffb-9358-c924a63b5632",
    "vehiclename": "Ford",
    "cost": "$9,280.48",
    "Fuel": "petrol",
    "color": "blue",
    "seatingcapacity": "2 seater",
    "currentowner": "Reeves Jacobson",
    "Transmission": "automatic",
    "sellingcompany": "Company4",
    "phone": "+1 (865) 416-2391",
    "address": "507 Fanchon Place, Courtland, New York, 3116",
    "about": "Sunt nisi dolore eu non aliquip dolore. Minim veniam ullamco adipisicing minim pariatur esse incididunt aute dolore esse in enim sint nostrud. Ea officia Lorem veniam dolor est. Amet ex officia tempor esse dolore dolor excepteur nisi mollit. Non sunt veniam officia incididunt id. Quis exercitation mollit velit ad aliqua non velit esse tempor tempor duis. Officia magna minim culpa veniam in tempor nostrud.\r\n",
    "eventtime": "2016-07-06T11:37:11 -06:-30",
    "latitude": -9.024463,
    "longitude": 114.447025,
    "owners": [
      {
        "phone": "+1 (985) 425-2122",
        "name": "Francesca Gibson"
      },
      {
        "phone": "+1 (940) 466-3135",
        "name": "Meredith Perkins"
      }
    ]
  },
  {
    "_id": "60f623d00be59dc78d349c79",
    "index": 33,
    "vehicleid": "e57e5a1e-c213-4cc8-95d0-2e22b5884ad9",
    "vehiclename": "Chevrolet",
    "cost": "$5,378.03",
    "Fuel": "diesel",
    "color": "brown",
    "seatingcapacity": "5 seater",
    "currentowner": "Brooke Wells",
    "Transmission": "automatic",
    "sellingcompany": "Company4",
    "phone": "+1 (937) 519-2351",
    "address": "733 Oriental Boulevard, Lorraine, Maine, 3526",
    "about": "Lorem in enim deserunt cupidatat amet Lorem cupidatat. Enim laboris sunt eu cillum culpa irure. Consequat ad consectetur eu laborum sunt adipisicing magna labore consectetur aliqua. Officia adipisicing incididunt proident nostrud sint. Aliqua incididunt proident proident fugiat anim labore aute ad pariatur do laborum sit.\r\n",
    "eventtime": "2016-07-03T04:57:14 -06:-30",
    "latitude": 73.725286,
    "longitude": -122.493715,
    "owners": [
      {
        "phone": "+1 (870) 459-3163",
        "name": "Kristen Miranda"
      },
      {
        "phone": "+1 (855) 407-2791",
        "name": "Tania Moon"
      }
    ]
  },
  {
    "_id": "60f623d08e05df0d2484b806",
    "index": 34,
    "vehicleid": "72ddbe5d-3e39-4aa2-8940-4147a743a635",
    "vehiclename": "Buick",
    "cost": "$9,883.53",
    "Fuel": "diesel",
    "color": "black",
    "seatingcapacity": "2 seater",
    "currentowner": "Selma Bonner",
    "Transmission": "manual",
    "sellingcompany": "Company4",
    "phone": "+1 (991) 402-2816",
    "address": "709 Plymouth Street, Harborton, Nevada, 148",
    "about": "Irure fugiat in amet id anim enim deserunt et id. Do enim reprehenderit cupidatat qui eiusmod non. Quis ad deserunt reprehenderit officia amet Lorem consectetur non in sint tempor incididunt sint. Incididunt amet voluptate cillum occaecat mollit consequat. Deserunt id elit eu aliquip anim non minim anim ut elit est voluptate reprehenderit.\r\n",
    "eventtime": "2016-01-17T09:14:57 -06:-30",
    "latitude": 79.530211,
    "longitude": 113.445399,
    "owners": [
      {
        "phone": "+1 (835) 419-3849",
        "name": "Tara Rich"
      },
      {
        "phone": "+1 (906) 428-3658",
        "name": "Megan Rush"
      }
    ]
  },
  {
    "_id": "60f623d0a182c220fbc7f7eb",
    "index": 35,
    "vehicleid": "1abeb875-1431-4beb-b645-44226a3e0e11",
    "vehiclename": "Cadillac",
    "cost": "$2,697.07",
    "Fuel": "Electric",
    "color": "brown",
    "seatingcapacity": "2 seater",
    "currentowner": "Myra England",
    "Transmission": "manual",
    "sellingcompany": "Company4",
    "phone": "+1 (966) 415-2190",
    "address": "853 Metrotech Courtr, Bentley, North Dakota, 6325",
    "about": "Excepteur est consectetur eu nisi do excepteur quis laboris est ad et pariatur reprehenderit. Id fugiat deserunt labore laborum id in laboris id duis officia sunt sint aliquip dolor. Occaecat ipsum incididunt reprehenderit qui fugiat ipsum dolore irure non qui duis fugiat ipsum. Mollit dolor consectetur nulla adipisicing veniam. Reprehenderit voluptate labore duis labore. Excepteur ipsum aute quis sunt in Lorem nulla mollit laboris quis Lorem.\r\n",
    "eventtime": "2016-08-08T06:39:12 -06:-30",
    "latitude": -12.248498,
    "longitude": 124.764988,
    "owners": [
      {
        "phone": "+1 (911) 466-2195",
        "name": "Jones Wall"
      },
      {
        "phone": "+1 (912) 433-2071",
        "name": "Mcdonald Miller"
      }
    ]
  },
  {
    "_id": "60f623d045a628dd43a772d8",
    "index": 36,
    "vehicleid": "b446f679-1df8-4345-9753-1c91d4e0aaef",
    "vehiclename": "Jeep",
    "cost": "$3,396.65",
    "Fuel": "diesel",
    "color": "blue",
    "seatingcapacity": "5 seater",
    "currentowner": "Woods Finley",
    "Transmission": "manual",
    "sellingcompany": "Company2",
    "phone": "+1 (977) 475-3183",
    "address": "973 Kermit Place, Hemlock, Idaho, 9988",
    "about": "Cupidatat cupidatat irure dolor elit qui ipsum cillum anim. Aliqua incididunt proident Lorem qui ea minim non. Ipsum mollit officia id sit officia quis cillum sit.\r\n",
    "eventtime": "2017-04-17T04:04:07 -06:-30",
    "latitude": -17.384152,
    "longitude": 96.50909,
    "owners": [
      {
        "phone": "+1 (830) 589-2165",
        "name": "Mabel Cain"
      },
      {
        "phone": "+1 (955) 515-2487",
        "name": "Mendez Morgan"
      }
    ]
  },
  {
    "_id": "60f623d0077c9319a265c183",
    "index": 37,
    "vehicleid": "c5016f62-8506-40d9-a2ec-ccfbc75e2132",
    "vehiclename": "Jeep",
    "cost": "$2,220.81",
    "Fuel": "diesel",
    "color": "green",
    "seatingcapacity": "5 seater",
    "currentowner": "Vasquez Leach",
    "Transmission": "manual",
    "sellingcompany": "Company3",
    "phone": "+1 (845) 546-3269",
    "address": "738 Bushwick Court, Lawrence, New Mexico, 3871",
    "about": "Ut est consectetur proident tempor nulla irure ex ea exercitation aliqua proident. Sunt eu non elit deserunt sint ex consequat deserunt deserunt cillum ex. Sint reprehenderit culpa sunt ullamco ut ad incididunt nulla. Magna consequat laborum dolore adipisicing aliqua et dolor sit eu ea non. Occaecat mollit reprehenderit aliquip qui nostrud aute Lorem quis exercitation quis.\r\n",
    "eventtime": "2014-11-18T04:25:37 -06:-30",
    "latitude": 68.862244,
    "longitude": 158.226516,
    "owners": [
      {
        "phone": "+1 (862) 556-2282",
        "name": "Wilcox Vazquez"
      },
      {
        "phone": "+1 (912) 520-3030",
        "name": "Diana Shaw"
      }
    ]
  },
  {
    "_id": "60f623d0a2e61fd47c1e767e",
    "index": 38,
    "vehicleid": "caa9822f-9e91-40f1-b990-459eb00f94c6",
    "vehiclename": "Buick",
    "cost": "$8,420.25",
    "Fuel": "Electric",
    "color": "black",
    "seatingcapacity": "7 seater",
    "currentowner": "Jo Smith",
    "Transmission": "automatic",
    "sellingcompany": "Company3",
    "phone": "+1 (842) 590-2333",
    "address": "117 Branton Street, Bawcomville, Illinois, 2909",
    "about": "Consectetur incididunt proident ad excepteur amet et incididunt reprehenderit nulla. Nulla sunt eiusmod occaecat labore pariatur ullamco laborum labore id aliquip laboris. Aliqua quis veniam id aute labore nostrud aute culpa aute laboris velit. Eiusmod minim culpa adipisicing ex consectetur dolor consequat Lorem incididunt irure aliquip veniam Lorem.\r\n",
    "eventtime": "2016-05-22T11:34:10 -06:-30",
    "latitude": 36.139108,
    "longitude": -124.44172,
    "owners": [
      {
        "phone": "+1 (979) 504-3099",
        "name": "Head Ramirez"
      },
      {
        "phone": "+1 (891) 437-3761",
        "name": "Leanne Wheeler"
      }
    ]
  },
  {
    "_id": "60f623d054c7e3f74224fa64",
    "index": 39,
    "vehicleid": "491f6deb-15a5-4a0b-9a75-9bcbaa0c85b6",
    "vehiclename": "Jeep",
    "cost": "$4,898.61",
    "Fuel": "Electric",
    "color": "brown",
    "seatingcapacity": "2 seater",
    "currentowner": "Barbara Buck",
    "Transmission": "automatic",
    "sellingcompany": "Company3",
    "phone": "+1 (849) 518-2284",
    "address": "726 Riverdale Avenue, Fingerville, Oregon, 9419",
    "about": "Ad ex amet voluptate ad occaecat sit consectetur. Officia Lorem sint nisi quis deserunt incididunt deserunt eiusmod sunt culpa. Nisi eu id adipisicing enim pariatur enim. Anim pariatur aute sunt tempor.\r\n",
    "eventtime": "2017-07-12T06:15:08 -06:-30",
    "latitude": 57.460154,
    "longitude": -103.021351,
    "owners": [
      {
        "phone": "+1 (971) 401-3838",
        "name": "Faith Wiley"
      },
      {
        "phone": "+1 (815) 564-3763",
        "name": "Le Tate"
      }
    ]
  },
  {
    "_id": "60f623d07029201e53401223",
    "index": 40,
    "vehicleid": "e1311b7e-8cc2-4aa0-ad93-05ac21905826",
    "vehiclename": "Buick",
    "cost": "$3,488.50",
    "Fuel": "petrol",
    "color": "black",
    "seatingcapacity": "5 seater",
    "currentowner": "Navarro Kane",
    "Transmission": "automatic",
    "sellingcompany": "Company4",
    "phone": "+1 (996) 417-2036",
    "address": "141 Pine Street, Alfarata, Missouri, 9012",
    "about": "Voluptate id aliquip ut est aliquip deserunt anim. Deserunt cupidatat dolore ex id cillum ipsum veniam proident veniam. Dolore ex ullamco esse sit eu mollit pariatur esse. Reprehenderit occaecat incididunt elit aliqua aliqua voluptate est exercitation non do dolor dolor ipsum ipsum. Id irure sint excepteur nulla elit ad id veniam mollit voluptate ut proident. Reprehenderit qui officia ut aliquip laboris aliquip nisi ad exercitation elit officia tempor nostrud reprehenderit. Elit voluptate labore laboris laboris aliquip occaecat enim dolore est reprehenderit commodo incididunt.\r\n",
    "eventtime": "2015-01-02T07:31:15 -06:-30",
    "latitude": -78.158891,
    "longitude": -66.619705,
    "owners": [
      {
        "phone": "+1 (899) 512-2495",
        "name": "Elaine Bullock"
      },
      {
        "phone": "+1 (936) 439-2867",
        "name": "Kayla Campbell"
      }
    ]
  },
  {
    "_id": "60f623d0e8fd596b793c868d",
    "index": 41,
    "vehicleid": "8c0aa766-e264-4ff9-9551-95b55a2b3361",
    "vehiclename": "Cadillac",
    "cost": "$4,219.40",
    "Fuel": "diesel",
    "color": "white",
    "seatingcapacity": "4 seater",
    "currentowner": "Teri Langley",
    "Transmission": "automatic",
    "sellingcompany": "Company1",
    "phone": "+1 (830) 498-3581",
    "address": "564 Merit Court, Virgie, Nebraska, 2586",
    "about": "Labore deserunt deserunt amet deserunt aliqua adipisicing irure fugiat ut. Duis reprehenderit mollit aliquip sint consectetur laboris exercitation dolor ea proident enim. Deserunt enim ex ut nulla sunt. Dolore sunt velit tempor Lorem consequat do sunt aliqua non laborum fugiat ipsum. Proident aute pariatur amet mollit proident ipsum commodo sunt consequat. Voluptate consectetur qui elit consectetur velit. Velit cupidatat veniam aute id quis et ullamco aliqua ea dolor aliqua.\r\n",
    "eventtime": "2021-05-13T03:36:46 -06:-30",
    "latitude": -49.304865,
    "longitude": -9.835351,
    "owners": [
      {
        "phone": "+1 (859) 537-2561",
        "name": "Alison Stewart"
      },
      {
        "phone": "+1 (953) 566-2071",
        "name": "Lorena Lott"
      }
    ]
  },
  {
    "_id": "60f623d0c9b17e6b5872036e",
    "index": 42,
    "vehicleid": "4459573f-92d6-4aac-822d-f40c1cb53c4d",
    "vehiclename": "Buick",
    "cost": "$3,671.06",
    "Fuel": "petrol",
    "color": "brown",
    "seatingcapacity": "2 seater",
    "currentowner": "Ryan Harrington",
    "Transmission": "automatic",
    "sellingcompany": "Company4",
    "phone": "+1 (960) 495-2800",
    "address": "397 Wyckoff Street, Selma, Hawaii, 7505",
    "about": "Veniam est ullamco do enim ut aute eu ullamco aliqua esse incididunt. Ea elit nostrud sunt eiusmod nisi mollit enim et do in non. Velit cillum veniam sit ad eiusmod irure est sit cupidatat. Incididunt nostrud aute sunt nisi quis consectetur laborum officia et do.\r\n",
    "eventtime": "2020-01-12T06:13:51 -06:-30",
    "latitude": -30.2835,
    "longitude": -105.54318,
    "owners": [
      {
        "phone": "+1 (821) 471-2214",
        "name": "Charity Farmer"
      },
      {
        "phone": "+1 (973) 508-2199",
        "name": "Lorie Shepherd"
      }
    ]
  },
  {
    "_id": "60f623d0df5aff91d53c5363",
    "index": 43,
    "vehicleid": "55df5e72-13da-4a34-a329-22d05e4469b5",
    "vehiclename": "Chevrolet",
    "cost": "$6,825.72",
    "Fuel": "petrol",
    "color": "white",
    "seatingcapacity": "5 seater",
    "currentowner": "Ella Williams",
    "Transmission": "manual",
    "sellingcompany": "Company3",
    "phone": "+1 (845) 425-3319",
    "address": "889 Vermont Court, Biddle, Wyoming, 4151",
    "about": "Tempor incididunt id aute id. Aliqua occaecat nulla labore non. Tempor Lorem dolore amet et cupidatat dolore dolor labore veniam et voluptate quis amet quis. Esse elit exercitation sunt in aliqua qui nostrud. Sint culpa eu ipsum ea. Lorem nisi laboris commodo exercitation in incididunt minim aliqua minim minim quis aliquip quis. Tempor id exercitation aute dolor consectetur ullamco quis in qui amet.\r\n",
    "eventtime": "2018-08-15T08:43:00 -06:-30",
    "latitude": 30.10576,
    "longitude": -103.865691,
    "owners": [
      {
        "phone": "+1 (849) 567-2664",
        "name": "Jewell Weaver"
      },
      {
        "phone": "+1 (995) 529-2209",
        "name": "Chris Santiago"
      }
    ]
  },
  {
    "_id": "60f623d0a25266f3d74b34c1",
    "index": 44,
    "vehicleid": "688e2faf-cba5-4ee2-8888-73afa8ae4a70",
    "vehiclename": "Chevrolet",
    "cost": "$6,045.67",
    "Fuel": "petrol",
    "color": "green",
    "seatingcapacity": "7 seater",
    "currentowner": "Yang Jenkins",
    "Transmission": "manual",
    "sellingcompany": "Company1",
    "phone": "+1 (930) 485-3201",
    "address": "107 Crooke Avenue, Helen, Texas, 2675",
    "about": "Laboris irure anim Lorem qui tempor consectetur eiusmod consequat sint exercitation pariatur nostrud sint. Mollit magna Lorem labore officia anim qui veniam eu Lorem laboris nisi aliqua adipisicing. Exercitation nostrud ut ex irure. Velit occaecat aliqua ex sunt elit ea elit. Voluptate aliqua tempor Lorem id officia elit.\r\n",
    "eventtime": "2021-07-09T06:35:08 -06:-30",
    "latitude": -80.407035,
    "longitude": 97.575898,
    "owners": [
      {
        "phone": "+1 (940) 448-2760",
        "name": "Phillips Christian"
      },
      {
        "phone": "+1 (864) 515-2633",
        "name": "Savage Rice"
      }
    ]
  },
  {
    "_id": "60f623d0fc02650dd79b01d8",
    "index": 45,
    "vehicleid": "bbb8a256-ffed-4d88-ad25-af8ea2c7f877",
    "vehiclename": "Cadillac",
    "cost": "$7,031.79",
    "Fuel": "petrol",
    "color": "brown",
    "seatingcapacity": "2 seater",
    "currentowner": "Henson Potter",
    "Transmission": "manual",
    "sellingcompany": "Company2",
    "phone": "+1 (978) 582-3262",
    "address": "722 Hornell Loop, Jacksonwald, California, 5748",
    "about": "Id labore nostrud id fugiat labore consectetur ea ex fugiat occaecat laborum pariatur. Velit incididunt non esse quis irure cupidatat aute ad aliquip duis. Velit quis mollit cupidatat sunt Lorem amet qui. Fugiat eiusmod sunt sit veniam cupidatat dolor dolor ut.\r\n",
    "eventtime": "2018-01-01T03:16:34 -06:-30",
    "latitude": 8.986837,
    "longitude": 45.783792,
    "owners": [
      {
        "phone": "+1 (931) 549-3218",
        "name": "Avery Pittman"
      },
      {
        "phone": "+1 (929) 494-3977",
        "name": "Glenn Macdonald"
      }
    ]
  },
  {
    "_id": "60f623d095ff63f29d012611",
    "index": 46,
    "vehicleid": "6e39741f-d65d-442b-b054-5e9881a9216b",
    "vehiclename": "Buick",
    "cost": "$2,116.40",
    "Fuel": "diesel",
    "color": "brown",
    "seatingcapacity": "7 seater",
    "currentowner": "Rita Dale",
    "Transmission": "manual",
    "sellingcompany": "Company4",
    "phone": "+1 (825) 404-2199",
    "address": "631 Chester Street, Roy, Colorado, 465",
    "about": "Laborum cillum mollit aliqua pariatur adipisicing amet officia est irure quis ea qui ullamco irure. Enim aliqua ut ad veniam occaecat est nostrud deserunt. Sint officia esse adipisicing ea. Do ex nisi et proident Lorem commodo veniam velit sunt fugiat. In ea esse aute est irure veniam occaecat pariatur tempor nostrud ad ullamco Lorem. Aliquip est mollit occaecat sint aute.\r\n",
    "eventtime": "2020-05-17T06:06:40 -06:-30",
    "latitude": 59.208178,
    "longitude": -53.78553,
    "owners": [
      {
        "phone": "+1 (862) 480-3070",
        "name": "Cunningham Hunt"
      },
      {
        "phone": "+1 (916) 523-2855",
        "name": "Blackburn House"
      }
    ]
  },
  {
    "_id": "60f623d07c0f639d029d43cc",
    "index": 47,
    "vehicleid": "644fd9f2-26a9-419a-b04d-1f13e3cfe806",
    "vehiclename": "Buick",
    "cost": "$4,293.35",
    "Fuel": "Electric",
    "color": "black",
    "seatingcapacity": "5 seater",
    "currentowner": "Page Matthews",
    "Transmission": "automatic",
    "sellingcompany": "Company3",
    "phone": "+1 (838) 531-3528",
    "address": "933 Lincoln Avenue, Iola, Mississippi, 8281",
    "about": "Veniam anim nulla in culpa elit quis tempor aliquip occaecat ad ullamco anim. Adipisicing eu pariatur eiusmod anim pariatur ex. Nostrud aliqua nisi in dolore pariatur sit in commodo fugiat. Elit pariatur et ullamco veniam quis et esse deserunt cupidatat. Tempor esse consectetur qui id adipisicing anim culpa enim. Id aute deserunt dolor adipisicing tempor ea veniam reprehenderit.\r\n",
    "eventtime": "2019-01-08T02:05:42 -06:-30",
    "latitude": -67.890566,
    "longitude": 37.148302,
    "owners": [
      {
        "phone": "+1 (931) 451-3231",
        "name": "Yvonne Good"
      },
      {
        "phone": "+1 (846) 549-3627",
        "name": "Lila Daugherty"
      }
    ]
  },
  {
    "_id": "60f623d055c300b489d61401",
    "index": 48,
    "vehicleid": "36ae3271-c82c-447f-8257-35628482a3d3",
    "vehiclename": "Cadillac",
    "cost": "$4,631.10",
    "Fuel": "Electric",
    "color": "blue",
    "seatingcapacity": "4 seater",
    "currentowner": "Evangeline Mclaughlin",
    "Transmission": "manual",
    "sellingcompany": "Company1",
    "phone": "+1 (897) 526-3953",
    "address": "148 Matthews Court, Greenbush, American Samoa, 277",
    "about": "Magna sint labore ad enim nulla non sunt cupidatat anim non est veniam enim irure. Aute non laborum velit sunt ullamco voluptate reprehenderit velit nostrud minim. Laboris sint adipisicing labore cupidatat exercitation nostrud consequat duis fugiat enim esse mollit sunt.\r\n",
    "eventtime": "2014-09-11T05:22:08 -06:-30",
    "latitude": -39.783368,
    "longitude": -175.598118,
    "owners": [
      {
        "phone": "+1 (846) 597-2163",
        "name": "Pickett Dickson"
      },
      {
        "phone": "+1 (844) 530-3701",
        "name": "Rivas Livingston"
      }
    ]
  },
  {
    "_id": "60f623d09c3acf339596e3fa",
    "index": 49,
    "vehicleid": "e49b5587-eb83-402c-80d1-2a43162832e7",
    "vehiclename": "Jeep",
    "cost": "$5,619.78",
    "Fuel": "diesel",
    "color": "black",
    "seatingcapacity": "2 seater",
    "currentowner": "Concetta Rose",
    "Transmission": "automatic",
    "sellingcompany": "Company2",
    "phone": "+1 (814) 527-2109",
    "address": "962 Manor Court, Topanga, Arizona, 7238",
    "about": "Exercitation aute id id dolor veniam laboris ullamco id nulla tempor ad consequat quis laborum. Nostrud eu nisi reprehenderit nulla. Excepteur do cillum velit deserunt.\r\n",
    "eventtime": "2014-10-19T05:17:33 -06:-30",
    "latitude": -3.608616,
    "longitude": 15.931159,
    "owners": [
      {
        "phone": "+1 (854) 479-3256",
        "name": "Serena Howard"
      },
      {
        "phone": "+1 (982) 553-3591",
        "name": "Hernandez Knox"
      }
    ]
  }
]