[
  {
    "_id": "60f63524f206bb63703cf848",
    "index": 0,
    "vehicleid": "cec78bd6-41d2-4ead-96ab-96cdd451893c",
    "vehiclename": "Jeep",
    "cost": "$2,797.75",
    "Fuel": "petrol",
    "color": "blue",
    "seatingcapacity": "7 seater",
    "currentowner": "Hester Humphrey",
    "Transmission": "automatic",
    "sellingcompany": "Company4",
    "phone": "+1 (868) 500-3354",
    "address": "448 Navy Street, Aguila, Indiana, 8893",
    "about": "Proident anim ex adipisicing ut ut esse do quis labore dolor. Sit et sunt adipisicing proident ullamco veniam culpa est irure laborum id veniam. Anim veniam non ex ex pariatur duis duis veniam. Ut dolore quis cupidatat laboris amet. Reprehenderit et do ullamco consectetur incididunt laboris cupidatat do. Nostrud reprehenderit eu quis officia dolor consectetur nulla id.\r\n",
    "eventtime": "2017-04-24T11:06:51 -06:-30",
    "latitude": -72.968616,
    "longitude": 148.643926
  },
  {
    "_id": "60f6352433734ae168b9e96b",
    "index": 1,
    "vehicleid": "d9cf0e61-f055-4102-9698-8f790a29a957",
    "vehiclename": "Buick",
    "cost": "$5,726.69",
    "Fuel": "Electric",
    "color": "white",
    "seatingcapacity": "7 seater",
    "currentowner": "Nettie Peterson",
    "Transmission": "manual",
    "sellingcompany": "Company4",
    "phone": "+1 (918) 561-2183",
    "address": "155 Grace Court, Carrsville, Texas, 703",
    "about": "Ipsum elit proident laboris duis ipsum reprehenderit. Tempor ex sunt deserunt culpa culpa ad minim aliqua fugiat aliquip voluptate commodo mollit. Occaecat voluptate ut proident exercitation reprehenderit deserunt reprehenderit minim. Deserunt do eiusmod sit do qui laborum sint labore laborum amet ad irure enim. Dolore minim sunt cillum officia culpa exercitation eu ad amet velit. Eu sint excepteur fugiat quis ad.\r\n",
    "eventtime": "2020-05-08T10:23:53 -06:-30",
    "latitude": 60.95327,
    "longitude": 83.326911
  },
  {
    "_id": "60f63524f548de9490c0c332",
    "index": 2,
    "vehicleid": "d5fb227d-3f54-4813-8eb9-0f721d4f5330",
    "vehiclename": "Cadillac",
    "cost": "$9,520.87",
    "Fuel": "Electric",
    "color": "green",
    "seatingcapacity": "5 seater",
    "currentowner": "Leann Merrill",
    "Transmission": "automatic",
    "sellingcompany": "Company2",
    "phone": "+1 (875) 571-2892",
    "address": "141 Remsen Avenue, Deseret, New York, 1003",
    "about": "Et enim minim proident consectetur veniam proident ex adipisicing culpa duis veniam eiusmod. Aliqua incididunt exercitation deserunt magna minim consequat elit nostrud excepteur. Qui esse pariatur dolor incididunt duis ad esse. Velit occaecat ea reprehenderit quis nostrud qui ea officia duis id irure ea non. Nulla consectetur ex Lorem consectetur. Exercitation eiusmod reprehenderit ipsum ex nisi non duis nisi.\r\n",
    "eventtime": "2015-02-27T03:23:57 -06:-30",
    "latitude": 60.647312,
    "longitude": 134.342631
  },
  {
    "_id": "60f6352470adbe93f433d822",
    "index": 3,
    "vehicleid": "44d66311-4192-499d-8406-41ba25175383",
    "vehiclename": "Chevrolet",
    "cost": "$4,315.13",
    "Fuel": "petrol",
    "color": "brown",
    "seatingcapacity": "5 seater",
    "currentowner": "Sheppard Kane",
    "Transmission": "manual",
    "sellingcompany": "Company3",
    "phone": "+1 (980) 561-3946",
    "address": "560 Woodhull Street, Jeff, Georgia, 8414",
    "about": "Proident minim et tempor nisi anim fugiat pariatur proident voluptate anim dolore. Elit ullamco quis ad proident incididunt. Enim aliqua duis aliqua cillum incididunt incididunt velit. Consectetur nisi officia anim labore labore do voluptate fugiat velit dolor elit velit aute duis.\r\n",
    "eventtime": "2014-12-16T08:09:03 -06:-30",
    "latitude": -36.569771,
    "longitude": -16.632781
  },
  {
    "_id": "60f635248410aa6dbd9d4b16",
    "index": 4,
    "vehicleid": "7056869e-e77d-4697-b1a9-480dda0ac690",
    "vehiclename": "Jeep",
    "cost": "$7,693.38",
    "Fuel": "diesel",
    "color": "green",
    "seatingcapacity": "4 seater",
    "currentowner": "Blair Knox",
    "Transmission": "automatic",
    "sellingcompany": "Company2",
    "phone": "+1 (947) 550-3307",
    "address": "248 Poplar Avenue, Valle, Arkansas, 6492",
    "about": "Occaecat sit ex reprehenderit aliquip nostrud irure qui culpa fugiat reprehenderit. Anim adipisicing tempor velit quis qui aute dolor aliquip labore duis Lorem Lorem in cillum. Ad ullamco reprehenderit magna eu officia aliquip. Anim eu officia excepteur eiusmod adipisicing ut nisi nisi. Magna occaecat qui ex quis pariatur fugiat tempor tempor ut reprehenderit eu tempor consequat labore.\r\n",
    "eventtime": "2016-06-23T11:02:52 -06:-30",
    "latitude": -35.579621,
    "longitude": 5.751927
  },
  {
    "_id": "60f63524b15e0644617b8c51",
    "index": 5,
    "vehicleid": "18f941a1-35cc-480c-a127-8225a8dae399",
    "vehiclename": "Ford",
    "cost": "$6,548.26",
    "Fuel": "petrol",
    "color": "black",
    "seatingcapacity": "7 seater",
    "currentowner": "Barton Bullock",
    "Transmission": "automatic",
    "sellingcompany": "Company4",
    "phone": "+1 (819) 510-2732",
    "address": "817 Stone Avenue, Brookfield, Wisconsin, 6146",
    "about": "Incididunt laboris occaecat nostrud adipisicing labore. Aliquip dolor pariatur ad aliquip tempor excepteur in labore velit excepteur nulla est incididunt. Labore ut dolore deserunt tempor pariatur occaecat ex laboris. In pariatur dolore proident sint labore sit amet. Labore duis proident quis ad labore. Veniam deserunt in ea ut elit.\r\n",
    "eventtime": "2019-04-19T12:47:43 -06:-30",
    "latitude": 62.029479,
    "longitude": -135.762115
  },
  {
    "_id": "60f6352403a1796abee173dc",
    "index": 6,
    "vehicleid": "6e1145ed-837c-4dcd-bf10-6edacfb5fab0",
    "vehiclename": "Cadillac",
    "cost": "$9,840.84",
    "Fuel": "petrol",
    "color": "black",
    "seatingcapacity": "4 seater",
    "currentowner": "Phyllis Rich",
    "Transmission": "manual",
    "sellingcompany": "Company1",
    "phone": "+1 (874) 524-2577",
    "address": "707 Juliana Place, Sabillasville, Palau, 5693",
    "about": "Dolor velit dolore occaecat enim veniam amet eu. Quis consequat dolore magna id amet dolor. Amet ipsum labore ex culpa culpa consectetur anim id aute nostrud. Anim elit laborum anim deserunt dolore voluptate culpa sint dolore est irure adipisicing. Et minim irure duis sint ex ex ut.\r\n",
    "eventtime": "2015-06-03T02:28:43 -06:-30",
    "latitude": 55.492889,
    "longitude": 128.965895
  },
  {
    "_id": "60f63524cf56d9dcdb624bb6",
    "index": 7,
    "vehicleid": "3db68b15-6241-4ef5-bc73-f029a264434a",
    "vehiclename": "Chevrolet",
    "cost": "$6,758.04",
    "Fuel": "diesel",
    "color": "black",
    "seatingcapacity": "5 seater",
    "currentowner": "Estelle Farmer",
    "Transmission": "automatic",
    "sellingcompany": "Company2",
    "phone": "+1 (900) 509-2273",
    "address": "314 Arlington Place, Belva, Minnesota, 4874",
    "about": "Id ea id fugiat officia minim id occaecat cupidatat Lorem velit. Nulla ullamco laboris elit tempor nostrud. Laboris ipsum dolore ex non ad aute commodo veniam eu. Cillum ipsum Lorem eiusmod ex labore. Amet laborum dolore sunt dolore dolor consectetur sit ut eiusmod. Sint Lorem sunt elit eiusmod adipisicing tempor veniam.\r\n",
    "eventtime": "2018-06-11T08:17:24 -06:-30",
    "latitude": -43.004648,
    "longitude": 50.438166
  },
  {
    "_id": "60f63524b7b2019b614fb36b",
    "index": 8,
    "vehicleid": "6f6a54a4-8d1b-4b84-aef1-973f1a7d8c19",
    "vehiclename": "Chevrolet",
    "cost": "$9,186.71",
    "Fuel": "petrol",
    "color": "blue",
    "seatingcapacity": "2 seater",
    "currentowner": "Gould Taylor",
    "Transmission": "manual",
    "sellingcompany": "Company3",
    "phone": "+1 (949) 406-2189",
    "address": "772 Kathleen Court, Drytown, New Hampshire, 2952",
    "about": "Occaecat sit sit fugiat enim ea esse. Dolore sunt enim officia ut. Labore Lorem elit anim duis. Cillum sit aliquip consectetur id. Voluptate non est enim non nulla minim mollit aliquip. Minim pariatur do officia sint veniam commodo cupidatat. Occaecat deserunt sunt nulla laboris nisi incididunt laboris non id irure ipsum id aliqua.\r\n",
    "eventtime": "2014-07-13T12:14:51 -06:-30",
    "latitude": -84.772653,
    "longitude": 166.707611
  },
  {
    "_id": "60f6352492b791c4fd00bc25",
    "index": 9,
    "vehicleid": "cbd51c72-29d0-4fcd-8b40-a07a650f8878",
    "vehiclename": "Cadillac",
    "cost": "$5,550.83",
    "Fuel": "diesel",
    "color": "white",
    "seatingcapacity": "2 seater",
    "currentowner": "Charlotte Herrera",
    "Transmission": "automatic",
    "sellingcompany": "Company3",
    "phone": "+1 (862) 414-3482",
    "address": "183 Jefferson Avenue, Ribera, District Of Columbia, 9206",
    "about": "Occaecat in enim tempor magna pariatur id ad ex magna proident mollit. Sit amet quis nostrud est aute eiusmod magna exercitation occaecat cupidatat ex et quis. Sunt cupidatat adipisicing dolore enim duis dolor voluptate magna magna pariatur. Non cillum ad culpa et nulla aliquip elit. Adipisicing qui nulla commodo fugiat sunt consequat non ullamco proident mollit. Velit anim minim officia enim minim proident nulla.\r\n",
    "eventtime": "2016-07-19T12:35:04 -06:-30",
    "latitude": -7.227189,
    "longitude": 119.329418
  },
  {
    "_id": "60f635247466f3056752fd62",
    "index": 10,
    "vehicleid": "40fe5e8c-5cbc-4f81-9e90-6102652fffc5",
    "vehiclename": "Buick",
    "cost": "$2,830.06",
    "Fuel": "petrol",
    "color": "green",
    "seatingcapacity": "2 seater",
    "currentowner": "Mona Weiss",
    "Transmission": "manual",
    "sellingcompany": "Company1",
    "phone": "+1 (962) 531-2345",
    "address": "309 Middagh Street, Jessie, Oregon, 5508",
    "about": "Ad labore laboris do officia. Cillum excepteur cillum ipsum consequat culpa pariatur. Commodo fugiat consectetur nostrud mollit. Et nostrud minim aute consectetur laboris est sit exercitation sit. Velit tempor Lorem ad voluptate do consequat magna aliqua officia qui.\r\n",
    "eventtime": "2020-09-01T02:08:22 -06:-30",
    "latitude": -47.965107,
    "longitude": -150.351043
  },
  {
    "_id": "60f635248e1ff6bc2accaf30",
    "index": 11,
    "vehicleid": "59c49011-2216-4197-b8eb-1988147d3c9d",
    "vehiclename": "Buick",
    "cost": "$4,586.08",
    "Fuel": "diesel",
    "color": "green",
    "seatingcapacity": "4 seater",
    "currentowner": "Peters Hays",
    "Transmission": "automatic",
    "sellingcompany": "Company2",
    "phone": "+1 (932) 462-2547",
    "address": "185 Coleman Street, Fannett, Maryland, 7040",
    "about": "Enim laborum enim amet sint. Elit quis nulla duis nisi occaecat. Laborum sint irure mollit officia amet ad proident amet commodo cillum pariatur. Duis in non nostrud magna id magna nostrud reprehenderit et exercitation.\r\n",
    "eventtime": "2015-02-07T01:12:40 -06:-30",
    "latitude": -42.273781,
    "longitude": -138.696494
  },
  {
    "_id": "60f63524b6c1bcf3d4d71103",
    "index": 12,
    "vehicleid": "7b5e3968-1974-4d28-b2c9-1154c192c2e5",
    "vehiclename": "Chevrolet",
    "cost": "$5,293.79",
    "Fuel": "Electric",
    "color": "blue",
    "seatingcapacity": "7 seater",
    "currentowner": "Corine Mclaughlin",
    "Transmission": "automatic",
    "sellingcompany": "Company4",
    "phone": "+1 (945) 543-2433",
    "address": "790 Cumberland Street, Fairhaven, Utah, 1681",
    "about": "Exercitation commodo exercitation cupidatat aliquip officia amet. Adipisicing duis anim magna amet deserunt minim proident dolore dolor deserunt. Velit adipisicing consectetur cillum do aute do amet proident enim duis adipisicing.\r\n",
    "eventtime": "2015-11-23T10:12:11 -06:-30",
    "latitude": 27.033961,
    "longitude": -44.117424
  },
  {
    "_id": "60f63524bd689323531aa81b",
    "index": 13,
    "vehicleid": "a3809af4-6618-47ad-a3c8-7cfc83ceba00",
    "vehiclename": "Jeep",
    "cost": "$3,067.18",
    "Fuel": "diesel",
    "color": "blue",
    "seatingcapacity": "4 seater",
    "currentowner": "Eugenia Gonzalez",
    "Transmission": "manual",
    "sellingcompany": "Company2",
    "phone": "+1 (870) 441-2581",
    "address": "979 Aviation Road, Brogan, Kentucky, 7545",
    "about": "Officia aute qui aute voluptate Lorem id elit ea pariatur cupidatat amet duis ut in. Eu do irure ex ullamco quis minim nulla officia sunt. Dolore eu Lorem labore dolore. Cupidatat commodo exercitation incididunt adipisicing occaecat ad reprehenderit officia proident cillum cupidatat dolor laboris.\r\n",
    "eventtime": "2021-04-07T11:39:14 -06:-30",
    "latitude": -5.485652,
    "longitude": -23.693524
  },
  {
    "_id": "60f63524583dd848e7b96448",
    "index": 14,
    "vehicleid": "096bc6a1-45ef-4066-a08e-a44d9e0bf5cf",
    "vehiclename": "Cadillac",
    "cost": "$2,339.87",
    "Fuel": "petrol",
    "color": "green",
    "seatingcapacity": "7 seater",
    "currentowner": "Josephine Yang",
    "Transmission": "automatic",
    "sellingcompany": "Company3",
    "phone": "+1 (949) 501-3307",
    "address": "816 Vandervoort Avenue, Irwin, Missouri, 7406",
    "about": "Adipisicing tempor incididunt Lorem velit sit laboris. Ipsum aliqua eiusmod exercitation incididunt eiusmod est nisi est voluptate esse commodo et. In enim dolore sunt officia. Labore aute duis aliqua incididunt eiusmod proident Lorem.\r\n",
    "eventtime": "2019-12-28T07:50:24 -06:-30",
    "latitude": -28.744806,
    "longitude": -97.098901
  },
  {
    "_id": "60f6352498b0e02faa0aed77",
    "index": 15,
    "vehicleid": "0a3e45a4-16c1-4523-8c74-b063dac9be8a",
    "vehiclename": "Ford",
    "cost": "$7,353.00",
    "Fuel": "Electric",
    "color": "blue",
    "seatingcapacity": "4 seater",
    "currentowner": "Wall Mcmillan",
    "Transmission": "automatic",
    "sellingcompany": "Company2",
    "phone": "+1 (836) 433-2038",
    "address": "528 Raleigh Place, Derwood, Virginia, 2649",
    "about": "Laborum ex culpa aute voluptate ea exercitation culpa. Adipisicing do deserunt amet exercitation adipisicing cillum reprehenderit. Eiusmod labore fugiat officia eu elit proident incididunt ea elit id consectetur. Exercitation elit adipisicing veniam tempor voluptate qui do non velit ipsum consectetur reprehenderit non. Lorem ullamco occaecat do et excepteur ipsum ea elit pariatur deserunt nisi amet amet.\r\n",
    "eventtime": "2015-11-27T03:05:20 -06:-30",
    "latitude": -61.484139,
    "longitude": -11.207297
  },
  {
    "_id": "60f63524b2f5ac03bdda9470",
    "index": 16,
    "vehicleid": "e0623281-8aa3-4535-8a47-b00c2f68ac7f",
    "vehiclename": "Cadillac",
    "cost": "$2,672.78",
    "Fuel": "Electric",
    "color": "white",
    "seatingcapacity": "5 seater",
    "currentowner": "Gabriela Blanchard",
    "Transmission": "automatic",
    "sellingcompany": "Company2",
    "phone": "+1 (905) 494-2331",
    "address": "220 Joval Court, Motley, Wyoming, 8347",
    "about": "Aliqua do officia pariatur culpa aute. Mollit velit laborum occaecat aliquip velit esse sunt fugiat minim. Eiusmod commodo cupidatat quis enim consectetur quis irure exercitation dolore occaecat culpa magna incididunt. Aliqua duis commodo aute est anim adipisicing commodo laborum aute.\r\n",
    "eventtime": "2018-08-31T09:13:11 -06:-30",
    "latitude": -21.544836,
    "longitude": 90.367495
  },
  {
    "_id": "60f6352430db6eb45df314cf",
    "index": 17,
    "vehicleid": "67e63765-f23f-44db-875b-f8ec58a7d2e3",
    "vehiclename": "Chevrolet",
    "cost": "$3,539.18",
    "Fuel": "diesel",
    "color": "black",
    "seatingcapacity": "4 seater",
    "currentowner": "Brennan Vasquez",
    "Transmission": "automatic",
    "sellingcompany": "Company1",
    "phone": "+1 (859) 466-2827",
    "address": "928 Oceanview Avenue, Gasquet, North Dakota, 9400",
    "about": "Exercitation anim cupidatat pariatur commodo labore enim et ipsum anim exercitation. Eiusmod irure eiusmod mollit eiusmod fugiat laborum. Qui exercitation esse laborum laboris nostrud commodo aliqua dolore dolor fugiat esse irure do. Et est id ea commodo.\r\n",
    "eventtime": "2019-07-07T12:41:26 -06:-30",
    "latitude": -2.365389,
    "longitude": -142.260339
  },
  {
    "_id": "60f63524a6d90057b91eeeb9",
    "index": 18,
    "vehicleid": "8f6e9139-a4c5-4fbe-978f-9e415fea6341",
    "vehiclename": "Chevrolet",
    "cost": "$6,358.01",
    "Fuel": "Electric",
    "color": "white",
    "seatingcapacity": "7 seater",
    "currentowner": "Alexis Carroll",
    "Transmission": "manual",
    "sellingcompany": "Company1",
    "phone": "+1 (910) 440-3313",
    "address": "554 Williams Avenue, Guilford, Maine, 6067",
    "about": "Officia fugiat dolore nisi veniam dolor et dolor. Deserunt esse laborum velit pariatur laboris consequat adipisicing commodo minim reprehenderit id. Qui et quis in Lorem culpa aliquip fugiat qui.\r\n",
    "eventtime": "2018-02-25T09:22:52 -06:-30",
    "latitude": 6.08597,
    "longitude": -74.82229
  },
  {
    "_id": "60f635246005cb089676a468",
    "index": 19,
    "vehicleid": "e4894efb-179c-43a6-b5c7-3af47cdb97ad",
    "vehiclename": "Jeep",
    "cost": "$2,450.60",
    "Fuel": "petrol",
    "color": "black",
    "seatingcapacity": "5 seater",
    "currentowner": "Bray Morgan",
    "Transmission": "manual",
    "sellingcompany": "Company4",
    "phone": "+1 (948) 408-3912",
    "address": "131 Oriental Court, Noxen, Pennsylvania, 2097",
    "about": "Enim elit voluptate occaecat ipsum Lorem id. Ea dolor irure minim dolore officia anim labore pariatur mollit velit. Aute et excepteur do do veniam. Nisi labore irure laboris ullamco elit esse mollit laborum nostrud. Reprehenderit do ipsum tempor irure officia commodo laboris ex aliquip.\r\n",
    "eventtime": "2014-06-20T09:32:13 -06:-30",
    "latitude": 35.72661,
    "longitude": -90.267728
  },
  {
    "_id": "60f635241d5d25ad93bed313",
    "index": 20,
    "vehicleid": "f0489809-fae6-409c-b5bf-4cf78200802f",
    "vehiclename": "Jeep",
    "cost": "$7,999.84",
    "Fuel": "diesel",
    "color": "brown",
    "seatingcapacity": "7 seater",
    "currentowner": "Wright Ayers",
    "Transmission": "manual",
    "sellingcompany": "Company2",
    "phone": "+1 (922) 520-3163",
    "address": "157 Schroeders Avenue, Faywood, West Virginia, 8381",
    "about": "Dolore duis laboris in qui aute sunt. Ut eu nulla aute laboris officia officia esse eu magna laboris ipsum enim consequat quis. Velit mollit sint quis et voluptate dolor. Incididunt consectetur commodo in commodo magna consectetur elit ea occaecat nulla ut laboris id. Eu dolore non deserunt laborum aute pariatur eu. Veniam do aliquip aliquip nisi laborum velit eiusmod magna adipisicing proident consectetur irure.\r\n",
    "eventtime": "2019-01-24T04:20:51 -06:-30",
    "latitude": 23.334092,
    "longitude": -16.441277
  },
  {
    "_id": "60f6352491e33720348c3122",
    "index": 21,
    "vehicleid": "ffa8ea87-5d52-451b-bfe5-7434c542c989",
    "vehiclename": "Cadillac",
    "cost": "$2,324.39",
    "Fuel": "diesel",
    "color": "white",
    "seatingcapacity": "7 seater",
    "currentowner": "May Ellis",
    "Transmission": "automatic",
    "sellingcompany": "Company2",
    "phone": "+1 (980) 512-3988",
    "address": "835 Fleet Street, Kenmar, Alabama, 3399",
    "about": "Do non eiusmod fugiat aliquip ullamco nulla ea deserunt incididunt deserunt. Lorem id esse cupidatat nisi cupidatat. Quis sit ipsum ullamco consequat do. Ex non enim enim sint veniam do adipisicing tempor.\r\n",
    "eventtime": "2019-12-18T12:29:33 -06:-30",
    "latitude": 57.957665,
    "longitude": 8.428127
  },
  {
    "_id": "60f63524c6b73593da0e9186",
    "index": 22,
    "vehicleid": "12d10a5e-59f7-423a-91db-4eda5012b15c",
    "vehiclename": "Chevrolet",
    "cost": "$8,506.72",
    "Fuel": "petrol",
    "color": "brown",
    "seatingcapacity": "2 seater",
    "currentowner": "Bonnie Dickson",
    "Transmission": "manual",
    "sellingcompany": "Company1",
    "phone": "+1 (912) 530-3845",
    "address": "871 Highland Boulevard, Yorklyn, Rhode Island, 3112",
    "about": "Mollit sint aliquip cupidatat laboris labore voluptate ullamco tempor nostrud exercitation magna minim dolore. Pariatur et cupidatat excepteur do adipisicing voluptate. Elit duis officia reprehenderit sunt ea veniam ad amet ad ipsum cillum pariatur veniam. Mollit cillum nisi proident ipsum nulla commodo duis pariatur in consequat. Ex excepteur aute sit minim dolor quis proident cupidatat quis. Cillum irure exercitation ut anim deserunt do exercitation quis minim nulla dolore anim sint adipisicing. Do dolore occaecat id cupidatat veniam ut.\r\n",
    "eventtime": "2014-10-09T01:44:22 -06:-30",
    "latitude": -70.324755,
    "longitude": 102.382398
  },
  {
    "_id": "60f6352446258d35fa65e4f0",
    "index": 23,
    "vehicleid": "3d1f50cb-1a2a-47dd-811d-a31987c93ef6",
    "vehiclename": "Cadillac",
    "cost": "$8,239.18",
    "Fuel": "diesel",
    "color": "white",
    "seatingcapacity": "5 seater",
    "currentowner": "Hensley Cooley",
    "Transmission": "automatic",
    "sellingcompany": "Company1",
    "phone": "+1 (927) 581-2526",
    "address": "749 Fleet Walk, Jardine, Tennessee, 4733",
    "about": "Proident excepteur mollit enim cillum Lorem sit dolor aute ullamco eiusmod non cillum adipisicing elit. Ipsum proident laboris ad incididunt id amet esse duis. Commodo reprehenderit labore ex ipsum excepteur anim ad ex elit pariatur elit. Aute enim aliqua laborum proident nisi veniam duis tempor velit fugiat.\r\n",
    "eventtime": "2016-06-25T09:00:26 -06:-30",
    "latitude": -53.119389,
    "longitude": -7.355514
  }
]