[
  {
    "_id": "60f6351c34e81527b02d6955",
    "index": 0,
    "vehicleid": "2868150f-8b0a-4fbd-90ee-02f28f5fa4c2",
    "vehiclename": "Buick",
    "cost": "$7,957.50",
    "Fuel": "petrol",
    "color": "black",
    "seatingcapacity": "2 seater",
    "currentowner": "Nell Pace",
    "Transmission": "manual",
    "sellingcompany": "Company3",
    "phone": "+1 (820) 471-3460",
    "address": "725 Wallabout Street, Salix, Virginia, 8348",
    "about": "Laborum Lorem duis eiusmod ex exercitation mollit occaecat esse incididunt. Cupidatat laboris ut voluptate consectetur nisi consequat Lorem veniam exercitation. Magna officia voluptate commodo enim ea cupidatat. Fugiat pariatur mollit duis id reprehenderit. Nostrud est sunt qui ut nulla nisi magna eiusmod id sunt do. Eiusmod esse quis amet exercitation voluptate excepteur esse minim reprehenderit anim labore adipisicing. Est nostrud in ex commodo occaecat dolor elit qui commodo velit.\r\n",
    "eventtime": "2019-12-16T12:02:39 -06:-30",
    "latitude": -16.764572,
    "longitude": -117.731487
  },
  {
    "_id": "60f6351cabbf68fa4cb05f07",
    "index": 1,
    "vehicleid": "29abab9a-5889-4950-a843-d60a34dc099a",
    "vehiclename": "Chevrolet",
    "cost": "$8,521.09",
    "Fuel": "petrol",
    "color": "brown",
    "seatingcapacity": "5 seater",
    "currentowner": "Shelia Riddle",
    "Transmission": "manual",
    "sellingcompany": "Company3",
    "phone": "+1 (820) 584-3505",
    "address": "158 Fountain Avenue, Hickory, Connecticut, 5895",
    "about": "Anim cupidatat est id consectetur sunt tempor non exercitation magna nostrud sunt nostrud reprehenderit. Deserunt aute occaecat anim magna eiusmod eu excepteur quis consequat aute. Eiusmod quis commodo cillum ad eiusmod proident reprehenderit pariatur mollit. Commodo ea esse ipsum proident occaecat esse nostrud fugiat sint.\r\n",
    "eventtime": "2019-07-27T11:40:30 -06:-30",
    "latitude": -59.070391,
    "longitude": -120.818294
  },
  {
    "_id": "60f6351ca8765ff6ff2478bf",
    "index": 2,
    "vehicleid": "043c6299-6ab5-47ea-82a5-da83f13ff640",
    "vehiclename": "Jeep",
    "cost": "$4,811.19",
    "Fuel": "Electric",
    "color": "blue",
    "seatingcapacity": "4 seater",
    "currentowner": "Colette Kramer",
    "Transmission": "automatic",
    "sellingcompany": "Company3",
    "phone": "+1 (943) 599-3170",
    "address": "674 Monitor Street, Alafaya, New Mexico, 4298",
    "about": "Enim velit veniam dolore esse ea officia exercitation fugiat qui commodo duis adipisicing. Non nostrud incididunt elit proident duis adipisicing amet et sit ex qui. Commodo dolore magna voluptate qui magna dolor commodo voluptate magna in nulla. Enim nisi aliquip velit fugiat ipsum nulla consequat. Excepteur nulla pariatur velit eiusmod anim consectetur. Fugiat magna amet laboris velit nisi eiusmod occaecat culpa ad ullamco sint reprehenderit ad consectetur.\r\n",
    "eventtime": "2015-02-21T03:00:57 -06:-30",
    "latitude": 0.560786,
    "longitude": 19.510438
  },
  {
    "_id": "60f6351c609f3c07f2278fd1",
    "index": 3,
    "vehicleid": "1e643e40-9f57-47b7-8e9c-1a8749ad5f69",
    "vehiclename": "Jeep",
    "cost": "$7,479.81",
    "Fuel": "diesel",
    "color": "black",
    "seatingcapacity": "4 seater",
    "currentowner": "Angelica Garrett",
    "Transmission": "manual",
    "sellingcompany": "Company1",
    "phone": "+1 (919) 484-2120",
    "address": "784 Fulton Street, Lavalette, Puerto Rico, 2100",
    "about": "Consequat nostrud in excepteur officia ullamco elit ex est. Cupidatat consectetur nostrud reprehenderit proident labore consectetur magna mollit laboris. Exercitation ex cupidatat veniam aliquip Lorem occaecat pariatur.\r\n",
    "eventtime": "2018-08-27T03:15:49 -06:-30",
    "latitude": -24.392288,
    "longitude": 77.704817
  },
  {
    "_id": "60f6351cf92ab5433cdfbc3f",
    "index": 4,
    "vehicleid": "165e29f1-3607-4fb3-904b-4d08302d31f5",
    "vehiclename": "Jeep",
    "cost": "$6,497.92",
    "Fuel": "petrol",
    "color": "blue",
    "seatingcapacity": "7 seater",
    "currentowner": "Hampton Hill",
    "Transmission": "automatic",
    "sellingcompany": "Company4",
    "phone": "+1 (876) 469-2353",
    "address": "526 Indiana Place, Stewart, Wisconsin, 1756",
    "about": "Consectetur fugiat aliquip adipisicing sint est aute. Sint cillum irure aliquip dolor voluptate culpa qui nostrud minim cupidatat consectetur. Voluptate labore aliqua ad eu sint cupidatat commodo. Consectetur laboris est eiusmod sunt esse ullamco. Aliqua est amet incididunt dolor eiusmod cupidatat nulla nisi ad irure tempor.\r\n",
    "eventtime": "2021-04-12T06:18:40 -06:-30",
    "latitude": -9.213616,
    "longitude": 143.197749
  },
  {
    "_id": "60f6351c0289d3389d158641",
    "index": 5,
    "vehicleid": "0c61e330-70d0-4087-b44f-dc7c05a7cc68",
    "vehiclename": "Cadillac",
    "cost": "$8,540.28",
    "Fuel": "diesel",
    "color": "brown",
    "seatingcapacity": "5 seater",
    "currentowner": "Carey Hansen",
    "Transmission": "automatic",
    "sellingcompany": "Company4",
    "phone": "+1 (862) 539-3877",
    "address": "274 Wolcott Street, Fidelis, Maryland, 6444",
    "about": "Pariatur deserunt culpa proident enim duis veniam culpa enim tempor consequat amet dolore proident. Aliquip amet occaecat non voluptate consectetur laboris esse laboris commodo ea do proident mollit excepteur. Id dolore excepteur exercitation fugiat ea do exercitation. Culpa qui et amet cupidatat.\r\n",
    "eventtime": "2020-04-08T03:15:14 -06:-30",
    "latitude": 50.192867,
    "longitude": 23.550761
  },
  {
    "_id": "60f6351ced1c13158d53e93e",
    "index": 6,
    "vehicleid": "5e9a8f9b-a433-4f8a-aa67-f327f240e740",
    "vehiclename": "Chevrolet",
    "cost": "$4,519.61",
    "Fuel": "Electric",
    "color": "black",
    "seatingcapacity": "4 seater",
    "currentowner": "Jaime Talley",
    "Transmission": "automatic",
    "sellingcompany": "Company2",
    "phone": "+1 (805) 591-2654",
    "address": "500 President Street, Ola, Florida, 1282",
    "about": "Eu esse consectetur laboris dolor consectetur esse anim velit labore irure excepteur adipisicing adipisicing. Amet veniam duis ad reprehenderit veniam enim magna exercitation. Fugiat elit ad eiusmod culpa nisi consequat velit qui incididunt reprehenderit consequat sit. Ullamco eiusmod ipsum veniam qui exercitation eu ut et aliquip aliquip excepteur anim. Officia laborum officia cupidatat sint anim. Velit velit dolore amet nisi voluptate exercitation in esse.\r\n",
    "eventtime": "2017-06-18T06:02:56 -06:-30",
    "latitude": -73.98914,
    "longitude": -116.264221
  },
  {
    "_id": "60f6351c5322c741647e2579",
    "index": 7,
    "vehicleid": "5b842d6f-34b8-4bd8-8ce1-273bf44e816d",
    "vehiclename": "Ford",
    "cost": "$8,969.23",
    "Fuel": "diesel",
    "color": "brown",
    "seatingcapacity": "4 seater",
    "currentowner": "Diane Wright",
    "Transmission": "automatic",
    "sellingcompany": "Company1",
    "phone": "+1 (947) 580-2571",
    "address": "293 Stewart Street, Welch, Washington, 4720",
    "about": "Elit Lorem in Lorem magna exercitation duis est ad officia dolore et est esse magna. In officia voluptate est dolore eu duis aute. Sit nulla ipsum cillum aliquip irure laboris aliqua labore consectetur aliqua nostrud labore pariatur. Do exercitation est fugiat voluptate duis eu.\r\n",
    "eventtime": "2019-07-26T10:53:05 -06:-30",
    "latitude": 46.984343,
    "longitude": 0.026263
  },
  {
    "_id": "60f6351c8ecba046a3ac744d",
    "index": 8,
    "vehicleid": "878628ac-ac2f-4a82-945b-e5d2daa5ff18",
    "vehiclename": "Cadillac",
    "cost": "$7,427.97",
    "Fuel": "diesel",
    "color": "white",
    "seatingcapacity": "5 seater",
    "currentowner": "Watts Beard",
    "Transmission": "manual",
    "sellingcompany": "Company1",
    "phone": "+1 (944) 422-2624",
    "address": "220 Colonial Court, Darbydale, Indiana, 7631",
    "about": "Ea ipsum adipisicing occaecat ad consequat sint esse incididunt laborum tempor aliquip in consequat in. Ullamco sint exercitation enim esse incididunt elit qui mollit quis sint et. Labore esse consectetur deserunt enim. Sunt occaecat incididunt sit minim commodo quis reprehenderit enim culpa laborum mollit enim minim.\r\n",
    "eventtime": "2017-06-08T01:29:42 -06:-30",
    "latitude": -37.635651,
    "longitude": 26.503215
  },
  {
    "_id": "60f6351cbfe558f50db9d5ca",
    "index": 9,
    "vehicleid": "529dcf20-5a3c-4422-af4c-4af32d809bb6",
    "vehiclename": "Chevrolet",
    "cost": "$4,924.39",
    "Fuel": "diesel",
    "color": "green",
    "seatingcapacity": "5 seater",
    "currentowner": "Lakisha Chase",
    "Transmission": "automatic",
    "sellingcompany": "Company1",
    "phone": "+1 (953) 578-3107",
    "address": "643 Jaffray Street, Teasdale, California, 6788",
    "about": "Labore velit elit consequat do adipisicing cupidatat. Commodo ullamco eu aliqua eiusmod commodo. Cillum exercitation esse occaecat magna pariatur aliqua dolore voluptate. Deserunt dolor ut amet sunt laboris.\r\n",
    "eventtime": "2020-07-25T09:18:28 -06:-30",
    "latitude": 72.916125,
    "longitude": 171.496057
  },
  {
    "_id": "60f6351c76438cf5e95c412f",
    "index": 10,
    "vehicleid": "36ae23de-8dd3-4737-8777-c7e86fcd505f",
    "vehiclename": "Buick",
    "cost": "$9,705.97",
    "Fuel": "Electric",
    "color": "green",
    "seatingcapacity": "2 seater",
    "currentowner": "Rojas Witt",
    "Transmission": "automatic",
    "sellingcompany": "Company1",
    "phone": "+1 (894) 511-2620",
    "address": "136 Schenck Avenue, Hiko, Tennessee, 477",
    "about": "Velit cillum ea nostrud qui duis ea do deserunt labore consectetur in. Mollit ea amet qui sint fugiat nostrud quis id Lorem laboris non nostrud do aute. Culpa id laboris nulla ipsum magna velit nisi anim mollit aliquip commodo. Aliqua velit ea officia minim anim duis in aliqua deserunt. Et dolor dolor sunt culpa quis anim occaecat ea ex dolor fugiat reprehenderit. Commodo reprehenderit magna cillum duis dolor eu ad. Esse labore veniam duis eiusmod excepteur sit commodo laboris dolore laborum irure.\r\n",
    "eventtime": "2020-05-30T12:40:21 -06:-30",
    "latitude": 76.308283,
    "longitude": 101.405353
  },
  {
    "_id": "60f6351c424056da7ca2bcd6",
    "index": 11,
    "vehicleid": "1e26ed98-04e3-471e-97b0-49fe967f1d8b",
    "vehiclename": "Jeep",
    "cost": "$7,535.26",
    "Fuel": "Electric",
    "color": "black",
    "seatingcapacity": "7 seater",
    "currentowner": "Tyler Nielsen",
    "Transmission": "automatic",
    "sellingcompany": "Company1",
    "phone": "+1 (815) 592-3058",
    "address": "684 Norfolk Street, Moraida, Guam, 7091",
    "about": "Aute et sit voluptate enim. Nostrud enim tempor reprehenderit anim nisi in nisi officia dolore eiusmod aliquip duis. Enim elit esse non deserunt pariatur anim. Commodo laborum anim dolor ullamco.\r\n",
    "eventtime": "2018-12-20T09:15:10 -06:-30",
    "latitude": 15.320967,
    "longitude": 85.911648
  },
  {
    "_id": "60f6351ccdafd492bda85b4f",
    "index": 12,
    "vehicleid": "0126f59d-cf66-4a28-98ac-61e4917acb4d",
    "vehiclename": "Cadillac",
    "cost": "$2,982.67",
    "Fuel": "Electric",
    "color": "green",
    "seatingcapacity": "5 seater",
    "currentowner": "Francine Mcneil",
    "Transmission": "automatic",
    "sellingcompany": "Company4",
    "phone": "+1 (844) 575-3768",
    "address": "288 Preston Court, Tecolotito, Northern Mariana Islands, 7794",
    "about": "Quis fugiat anim commodo pariatur velit aliqua reprehenderit aliqua esse ad laboris consequat quis non. Irure officia ut do culpa mollit id incididunt nulla est enim dolore labore eu occaecat. Proident sit elit dolore qui nisi sunt sint excepteur ut minim proident qui laborum. Eu commodo consequat aliqua sint ex magna pariatur ut nostrud et et non sit qui. Dolor cillum sunt mollit magna reprehenderit ipsum sunt in adipisicing ad laborum.\r\n",
    "eventtime": "2015-05-17T03:43:27 -06:-30",
    "latitude": -64.170487,
    "longitude": -114.691167
  },
  {
    "_id": "60f6351c66b1407ceaa0f577",
    "index": 13,
    "vehicleid": "56d35168-e125-46f8-8f5f-49c1058d173b",
    "vehiclename": "Ford",
    "cost": "$9,523.86",
    "Fuel": "Electric",
    "color": "blue",
    "seatingcapacity": "4 seater",
    "currentowner": "Jean Francis",
    "Transmission": "manual",
    "sellingcompany": "Company2",
    "phone": "+1 (905) 512-2668",
    "address": "408 Dobbin Street, Fulford, Utah, 8338",
    "about": "Eiusmod et cupidatat nulla irure anim non laboris aliqua duis minim cillum laboris reprehenderit commodo. Non sint sint nisi quis tempor id cupidatat. Ut eu ut non officia ex esse nostrud reprehenderit dolor qui esse elit ex. Dolore laboris tempor exercitation proident. Laboris reprehenderit deserunt sint anim. Elit proident esse cupidatat velit tempor elit sunt ut enim sint aute incididunt irure. Cillum do minim ad do sit quis anim nulla.\r\n",
    "eventtime": "2021-05-08T07:46:48 -06:-30",
    "latitude": -41.016577,
    "longitude": 123.604406
  },
  {
    "_id": "60f6351c422f7705926b7e87",
    "index": 14,
    "vehicleid": "c987e0bf-22b5-4534-8da1-ee6112ce1712",
    "vehiclename": "Ford",
    "cost": "$5,307.31",
    "Fuel": "Electric",
    "color": "white",
    "seatingcapacity": "4 seater",
    "currentowner": "Kelly Perkins",
    "Transmission": "automatic",
    "sellingcompany": "Company1",
    "phone": "+1 (843) 473-3242",
    "address": "602 Amherst Street, Beyerville, Federated States Of Micronesia, 9732",
    "about": "Reprehenderit elit qui fugiat irure incididunt cupidatat sunt ut cillum duis sunt proident sunt. Ad elit excepteur est do deserunt ipsum. Nulla occaecat qui irure officia fugiat commodo pariatur in quis. Aliqua sint cupidatat deserunt ex est ullamco in quis labore mollit minim labore. Laborum Lorem nulla ex duis ipsum deserunt enim duis consectetur consequat.\r\n",
    "eventtime": "2016-07-27T08:19:47 -06:-30",
    "latitude": 39.124778,
    "longitude": 43.963358
  }
]