 [ 
 {
    "_id": "60f635156b4a9c28a4694b8a",
    "index": 0,
    "vehicleid": "2ab316b9-8607-4d15-84aa-d14bc83cca04",
    "vehiclename": "Cadillac",
    "cost": "$7,543.34",
    "Fuel": "Electric",
    "color": "white",
    "seatingcapacity": "2 seater",
    "currentowner": "Cantu Hines",
    "Transmission": "automatic",
    "sellingcompany": "Company1",
    "phone": "+1 (820) 497-2795",
    "address": "321 Emmons Avenue, Riner, Maine, 7705",
    "about": "Labore officia in cupidatat eu commodo in Lorem et proident sit adipisicing irure proident. Laborum veniam enim eu anim non minim aute commodo fugiat commodo tempor magna. Ut ex velit Lorem qui sit magna consectetur ullamco sint ipsum pariatur velit. Labore esse eu magna commodo et anim incididunt ex irure cupidatat sint aute. Ea ea sit pariatur sit velit. Amet non duis ex laboris ullamco sunt qui est ea quis aliqua et commodo laborum. Excepteur exercitation commodo nisi duis dolore.\r\n",
    "eventtime": "2015-06-17T11:25:11 -06:-30",
    "latitude": 37.313514,
    "longitude": 128.671677
  },
  {
    "_id": "60f63515590bb8e43b7abea9",
    "index": 1,
    "vehicleid": "743f9c1b-7173-4ab5-bf98-5e1fc5461cff",
    "vehiclename": "Ford",
    "cost": "$8,675.48",
    "Fuel": "diesel",
    "color": "green",
    "seatingcapacity": "7 seater",
    "currentowner": "Yvonne Holloway",
    "Transmission": "automatic",
    "sellingcompany": "Company2",
    "phone": "+1 (857) 529-3248",
    "address": "742 Pleasant Place, Dana, Virginia, 7779",
    "about": "Proident labore occaecat laboris excepteur Lorem sit amet. Ea commodo adipisicing duis aliqua nostrud ex. Fugiat veniam et consequat deserunt non reprehenderit Lorem veniam esse deserunt et est eiusmod cupidatat.\r\n",
    "eventtime": "2019-06-19T10:26:50 -06:-30",
    "latitude": -87.76689,
    "longitude": 110.305372
  },
  {
    "_id": "60f635155f3406d4d39d8c97",
    "index": 2,
    "vehicleid": "af0ae38b-6022-440a-807c-a57f975aaaf9",
    "vehiclename": "Cadillac",
    "cost": "$7,022.03",
    "Fuel": "Electric",
    "color": "blue",
    "seatingcapacity": "7 seater",
    "currentowner": "Holder Knox",
    "Transmission": "automatic",
    "sellingcompany": "Company1",
    "phone": "+1 (955) 451-2561",
    "address": "618 Claver Place, Tilleda, Louisiana, 2130",
    "about": "Irure qui ipsum elit ipsum sunt laboris proident ullamco esse nostrud elit nisi consectetur. Sunt Lorem consequat aute officia elit. Cillum excepteur sit fugiat esse qui irure laborum Lorem esse irure do. Lorem qui dolore ullamco exercitation ex irure anim Lorem exercitation. Ut dolore deserunt sint veniam veniam consequat sit nulla Lorem pariatur quis do sit.\r\n",
    "eventtime": "2019-07-30T12:32:16 -06:-30",
    "latitude": -85.539522,
    "longitude": -115.392856
  },
  {
    "_id": "60f6351569444eeca9c5264a",
    "index": 3,
    "vehicleid": "f178396d-879f-4bd4-8d70-3b2508df5c16",
    "vehiclename": "Cadillac",
    "cost": "$5,691.45",
    "Fuel": "Electric",
    "color": "brown",
    "seatingcapacity": "2 seater",
    "currentowner": "Rochelle Moses",
    "Transmission": "manual",
    "sellingcompany": "Company1",
    "phone": "+1 (893) 412-2634",
    "address": "649 Lawton Street, Celeryville, Maryland, 6566",
    "about": "Qui nostrud occaecat et excepteur nisi dolor adipisicing ipsum et quis eu in ipsum. Velit aliqua cupidatat qui sunt cillum consequat eiusmod culpa minim Lorem. Aliqua magna amet voluptate ut adipisicing irure magna cillum ad anim incididunt enim. Quis quis velit nostrud exercitation do tempor adipisicing laborum. Aute aliquip amet excepteur ipsum mollit eiusmod nisi officia ad anim laboris sit adipisicing reprehenderit. Non laborum sunt ullamco excepteur eu elit consequat sunt laborum eu cupidatat. Sint ea pariatur magna dolor ullamco.\r\n",
    "eventtime": "2019-05-18T03:26:25 -06:-30",
    "latitude": 78.592538,
    "longitude": 141.01303
  },
  {
    "_id": "60f63515b5433cf18fe5ac7c",
    "index": 4,
    "vehicleid": "bd40fc39-3684-4238-8502-f04f47595a96",
    "vehiclename": "Jeep",
    "cost": "$7,354.97",
    "Fuel": "petrol",
    "color": "white",
    "seatingcapacity": "4 seater",
    "currentowner": "Mann Slater",
    "Transmission": "manual",
    "sellingcompany": "Company4",
    "phone": "+1 (982) 445-2602",
    "address": "759 Garden Street, Crucible, Marshall Islands, 8240",
    "about": "Ex occaecat non magna minim consectetur elit mollit ex cupidatat laborum qui laborum. Quis mollit sint dolore ipsum et ut adipisicing deserunt officia cillum. Magna labore est eiusmod exercitation excepteur fugiat excepteur anim laborum.\r\n",
    "eventtime": "2015-01-10T08:40:37 -06:-30",
    "latitude": -1.177688,
    "longitude": 31.516462
  },
  {
    "_id": "60f6351585a613b7193c405e",
    "index": 5,
    "vehicleid": "3264dd1b-a48a-4476-96e8-b8f2a6235e87",
    "vehiclename": "Chevrolet",
    "cost": "$8,251.95",
    "Fuel": "Electric",
    "color": "blue",
    "seatingcapacity": "4 seater",
    "currentowner": "Holman Barry",
    "Transmission": "manual",
    "sellingcompany": "Company3",
    "phone": "+1 (976) 427-2182",
    "address": "683 Bancroft Place, Hayden, South Dakota, 1936",
    "about": "Mollit fugiat labore sit ea cupidatat est. Velit ex quis consequat officia ullamco dolore do culpa anim enim. Ipsum occaecat qui magna nostrud velit ut proident occaecat dolor reprehenderit ea esse labore esse. Anim aute amet nulla sunt excepteur in.\r\n",
    "eventtime": "2020-05-13T09:53:10 -06:-30",
    "latitude": 65.674779,
    "longitude": -6.735631
  },
  {
    "_id": "60f63515cc9c2fd9439b6c2b",
    "index": 6,
    "vehicleid": "305b07e6-a312-4005-bf76-722ac03abffb",
    "vehiclename": "Cadillac",
    "cost": "$2,865.07",
    "Fuel": "diesel",
    "color": "black",
    "seatingcapacity": "7 seater",
    "currentowner": "Michael Floyd",
    "Transmission": "automatic",
    "sellingcompany": "Company2",
    "phone": "+1 (864) 426-3553",
    "address": "310 Ludlam Place, Odessa, Virgin Islands, 6645",
    "about": "Consequat occaecat ex commodo sint consectetur dolor Lorem duis officia culpa nulla proident adipisicing. Pariatur commodo et laborum minim. Occaecat qui reprehenderit anim sunt voluptate elit mollit tempor. Ea mollit amet sit aliqua culpa Lorem nostrud. Sint sint anim nulla fugiat.\r\n",
    "eventtime": "2016-07-30T06:48:10 -06:-30",
    "latitude": 54.955542,
    "longitude": 141.273858
  },
  {
    "_id": "60f635153e23ea5dab3cbd86",
    "index": 7,
    "vehicleid": "93d66ee0-a352-478a-9482-3686401b3834",
    "vehiclename": "Buick",
    "cost": "$6,564.90",
    "Fuel": "Electric",
    "color": "brown",
    "seatingcapacity": "4 seater",
    "currentowner": "Shepard Guy",
    "Transmission": "manual",
    "sellingcompany": "Company1",
    "phone": "+1 (810) 438-3102",
    "address": "288 Underhill Avenue, Muir, Wyoming, 1549",
    "about": "Nostrud est cillum velit irure ad cupidatat reprehenderit. Sit nisi cillum magna duis eu irure anim culpa nulla excepteur. Qui elit adipisicing minim elit. Ut eiusmod proident incididunt aliquip culpa sunt minim labore consectetur commodo in officia quis esse. Exercitation anim enim eu sint amet mollit cupidatat.\r\n",
    "eventtime": "2015-02-01T03:26:15 -06:-30",
    "latitude": -54.946058,
    "longitude": 36.527805
  },
  {
    "_id": "60f63515164c9f892c6918c6",
    "index": 8,
    "vehicleid": "59a69f23-99ca-4631-bd31-6e860684c067",
    "vehiclename": "Buick",
    "cost": "$6,263.10",
    "Fuel": "petrol",
    "color": "green",
    "seatingcapacity": "4 seater",
    "currentowner": "Vicki Oneal",
    "Transmission": "automatic",
    "sellingcompany": "Company1",
    "phone": "+1 (959) 522-3987",
    "address": "298 Prescott Place, Glendale, New Mexico, 7286",
    "about": "Cillum Lorem exercitation sint ex exercitation officia deserunt culpa ullamco commodo Lorem. Eiusmod labore commodo et occaecat. Qui veniam consectetur laborum occaecat aute aliqua irure consectetur ut cupidatat ea nulla veniam. Voluptate irure duis excepteur proident non dolor et cillum aliquip id adipisicing aliquip labore in. Id esse id sint ad fugiat consectetur. Velit magna laborum ut eu sint aute sunt proident fugiat proident officia non sint consectetur. Culpa minim qui ad in dolore qui velit elit pariatur.\r\n",
    "eventtime": "2020-06-16T12:44:32 -06:-30",
    "latitude": 87.172798,
    "longitude": -142.271868
  },
  {
    "_id": "60f63515b969d7dc00c4228b",
    "index": 9,
    "vehicleid": "67cf318e-4182-487f-bf57-521f4537552d",
    "vehiclename": "Cadillac",
    "cost": "$5,400.73",
    "Fuel": "Electric",
    "color": "white",
    "seatingcapacity": "7 seater",
    "currentowner": "Charmaine Carter",
    "Transmission": "manual",
    "sellingcompany": "Company3",
    "phone": "+1 (964) 496-3842",
    "address": "514 Tilden Avenue, Nutrioso, District Of Columbia, 4083",
    "about": "Eu aute officia ad do minim culpa qui nisi ullamco eiusmod laborum esse laborum irure. Dolor velit magna et enim occaecat veniam. Consectetur qui voluptate fugiat non magna.\r\n",
    "eventtime": "2018-07-02T02:23:38 -06:-30",
    "latitude": -44.490693,
    "longitude": 95.771217
  },
  {
    "_id": "60f635156179e21bc23d732e",
    "index": 10,
    "vehicleid": "94b5b3f6-d079-4fef-b8ef-f7164d375c62",
    "vehiclename": "Ford",
    "cost": "$3,860.15",
    "Fuel": "Electric",
    "color": "white",
    "seatingcapacity": "7 seater",
    "currentowner": "Beasley Hernandez",
    "Transmission": "automatic",
    "sellingcompany": "Company3",
    "phone": "+1 (972) 506-3960",
    "address": "322 Lincoln Terrace, Carrsville, Alaska, 5718",
    "about": "Dolore ullamco enim in quis cupidatat irure nisi culpa fugiat tempor aliqua velit. Mollit nulla tempor minim consequat quis fugiat aute. Deserunt exercitation exercitation ullamco sit ut minim occaecat.\r\n",
    "eventtime": "2017-10-01T01:45:16 -06:-30",
    "latitude": -47.890182,
    "longitude": 113.961709
  },
  {
    "_id": "60f63515d5df4ccebfe2a3d8",
    "index": 11,
    "vehicleid": "b9adc063-e7c3-4d94-9558-b460ac3f9b5b",
    "vehiclename": "Buick",
    "cost": "$7,109.39",
    "Fuel": "diesel",
    "color": "green",
    "seatingcapacity": "5 seater",
    "currentowner": "Holcomb Casey",
    "Transmission": "automatic",
    "sellingcompany": "Company2",
    "phone": "+1 (844) 506-3973",
    "address": "133 Dover Street, Turah, Iowa, 7666",
    "about": "Anim nisi occaecat ea sunt magna sit reprehenderit quis incididunt reprehenderit quis qui. Ad proident deserunt ipsum in Lorem incididunt elit reprehenderit. Dolore veniam qui elit enim aliquip minim elit. Deserunt deserunt adipisicing cillum ullamco laboris sint Lorem aliquip pariatur eu ullamco culpa duis reprehenderit. Culpa fugiat quis et laborum sint sit non ad labore. Commodo amet eiusmod magna velit ut laborum laboris cillum magna commodo voluptate nostrud.\r\n",
    "eventtime": "2019-10-23T04:30:59 -06:-30",
    "latitude": 41.022451,
    "longitude": 135.939229
  },
  {
    "_id": "60f635158ddb13f08d4760a8",
    "index": 12,
    "vehicleid": "969d0cd6-e515-4a18-bacf-d19f9ab12b75",
    "vehiclename": "Chevrolet",
    "cost": "$9,199.09",
    "Fuel": "diesel",
    "color": "black",
    "seatingcapacity": "7 seater",
    "currentowner": "Ramirez Barrera",
    "Transmission": "manual",
    "sellingcompany": "Company1",
    "phone": "+1 (906) 469-2895",
    "address": "134 Oceanview Avenue, Adelino, Washington, 1974",
    "about": "Culpa velit incididunt irure reprehenderit eu adipisicing. Nulla non reprehenderit in nisi eiusmod veniam dolore esse ut sit id. Elit nostrud aute ex nulla culpa cillum incididunt do eiusmod. Laborum qui tempor sit ut aliquip nostrud consequat cupidatat do ex exercitation quis voluptate. Excepteur quis ut eiusmod pariatur commodo fugiat est proident. Laborum incididunt magna aute qui consectetur est est cillum ex excepteur occaecat consequat. Irure cillum laboris esse nulla deserunt consectetur est laborum laboris aliqua id Lorem consequat.\r\n",
    "eventtime": "2019-10-30T07:20:26 -06:-30",
    "latitude": 89.852373,
    "longitude": -27.634421
  },
  {
    "_id": "60f63515fe791778fa6099a6",
    "index": 13,
    "vehicleid": "5008891a-5436-4866-a8d3-4d8706768541",
    "vehiclename": "Chevrolet",
    "cost": "$4,598.71",
    "Fuel": "petrol",
    "color": "blue",
    "seatingcapacity": "7 seater",
    "currentowner": "Cantrell Gould",
    "Transmission": "automatic",
    "sellingcompany": "Company4",
    "phone": "+1 (818) 499-2468",
    "address": "796 Prince Street, Leeper, Utah, 313",
    "about": "Quis enim reprehenderit ipsum qui ullamco deserunt do sunt ea culpa. Elit Lorem aute culpa officia sunt consequat sint cupidatat adipisicing velit dolore dolore tempor ullamco. Velit exercitation anim exercitation mollit Lorem culpa excepteur velit nisi minim do. Et veniam adipisicing tempor anim magna eu. Veniam laborum laborum voluptate id laborum cupidatat mollit incididunt. Laboris aliquip aliquip ipsum adipisicing qui ipsum laborum mollit. Proident nulla veniam labore veniam et officia anim sint aliqua eiusmod.\r\n",
    "eventtime": "2018-10-25T09:56:07 -06:-30",
    "latitude": -68.34331,
    "longitude": 168.942831
  },
  {
    "_id": "60f635151e78d6b26fea21a8",
    "index": 14,
    "vehicleid": "d980748c-9a9a-4855-9ba9-5b07e0d2e64b",
    "vehiclename": "Buick",
    "cost": "$4,700.08",
    "Fuel": "diesel",
    "color": "white",
    "seatingcapacity": "7 seater",
    "currentowner": "Lindsey Simmons",
    "Transmission": "automatic",
    "sellingcompany": "Company2",
    "phone": "+1 (893) 422-2521",
    "address": "940 Vanderveer Place, Grandview, New Jersey, 2734",
    "about": "Non enim non magna reprehenderit eiusmod. Quis ipsum velit deserunt ea irure. Incididunt in ad id ad est deserunt veniam aliquip quis in officia.\r\n",
    "eventtime": "2017-06-08T03:20:10 -06:-30",
    "latitude": 16.682914,
    "longitude": -66.545877
  },
  {
    "_id": "60f63515822c8078036ccfe4",
    "index": 15,
    "vehicleid": "8d529140-94fe-4f4b-82ea-fa4a5f8bd03f",
    "vehiclename": "Chevrolet",
    "cost": "$9,552.65",
    "Fuel": "Electric",
    "color": "black",
    "seatingcapacity": "4 seater",
    "currentowner": "Jessie Yang",
    "Transmission": "manual",
    "sellingcompany": "Company3",
    "phone": "+1 (825) 590-2137",
    "address": "169 Bushwick Avenue, Belgreen, California, 3723",
    "about": "In pariatur enim occaecat laboris consectetur exercitation. Incididunt mollit sit dolore esse velit adipisicing sit in incididunt et laboris dolor. Est dolore reprehenderit ut culpa enim et aute. Dolor anim aute esse sint ea nisi eu elit voluptate duis.\r\n",
    "eventtime": "2020-12-04T12:49:38 -06:-30",
    "latitude": -49.508588,
    "longitude": 174.199011
  },
  {
    "_id": "60f635159eea5930e5ab57e7",
    "index": 16,
    "vehicleid": "990b39fa-cd1f-47c4-a6eb-5cca3e1ba10f",
    "vehiclename": "Ford",
    "cost": "$2,932.99",
    "Fuel": "diesel",
    "color": "blue",
    "seatingcapacity": "7 seater",
    "currentowner": "Ebony Hayes",
    "Transmission": "manual",
    "sellingcompany": "Company4",
    "phone": "+1 (980) 543-2455",
    "address": "522 Dare Court, Kersey, New York, 9489",
    "about": "Excepteur est irure occaecat pariatur ut velit ullamco reprehenderit incididunt labore. Aliqua aliqua esse in enim commodo. Esse consectetur sint id veniam occaecat nulla aute enim aute aliqua enim. Culpa ullamco ea officia elit quis proident irure nisi elit cupidatat culpa et. Laboris magna proident velit fugiat laboris duis irure tempor anim officia excepteur. Irure esse minim aliquip id reprehenderit sit Lorem labore.\r\n",
    "eventtime": "2014-03-16T12:44:12 -06:-30",
    "latitude": 57.981919,
    "longitude": -156.764528
  },
  {
    "_id": "60f63515ff43b4a189172127",
    "index": 17,
    "vehicleid": "bac3aa54-65a6-4df6-b6a5-6b70958a5697",
    "vehiclename": "Buick",
    "cost": "$7,186.09",
    "Fuel": "petrol",
    "color": "black",
    "seatingcapacity": "5 seater",
    "currentowner": "Buchanan Kirby",
    "Transmission": "automatic",
    "sellingcompany": "Company2",
    "phone": "+1 (981) 409-2263",
    "address": "761 Russell Street, Deltaville, Colorado, 1549",
    "about": "Anim ea id veniam id veniam Lorem ipsum tempor cupidatat ad qui cillum. Eu excepteur commodo eiusmod exercitation incididunt excepteur ea esse adipisicing. Tempor consequat ea velit magna ipsum nulla dolore eu ullamco. Laborum ex sint voluptate eu sint voluptate ex in quis dolore deserunt deserunt. In adipisicing excepteur culpa adipisicing ullamco mollit magna nostrud do minim. Duis occaecat esse excepteur magna deserunt velit irure dolore laborum consectetur ea qui reprehenderit sint.\r\n",
    "eventtime": "2021-01-24T01:24:36 -06:-30",
    "latitude": 53.777432,
    "longitude": 90.526137
  },
  {
    "_id": "60f635151f2f1b536c7ef16f",
    "index": 18,
    "vehicleid": "355a578d-235a-4dab-b540-30863a5edd94",
    "vehiclename": "Buick",
    "cost": "$8,811.24",
    "Fuel": "petrol",
    "color": "green",
    "seatingcapacity": "7 seater",
    "currentowner": "Celina Mccormick",
    "Transmission": "automatic",
    "sellingcompany": "Company3",
    "phone": "+1 (846) 456-3916",
    "address": "890 Anna Court, Oasis, Montana, 712",
    "about": "Cillum velit laborum culpa aliqua deserunt velit eu tempor aliqua eiusmod. Irure aute est ad commodo magna commodo et. Sit commodo qui laboris dolor dolore minim sint occaecat culpa. Laboris fugiat ex nostrud ea esse occaecat cillum laborum fugiat et sint aliqua qui culpa. Sunt consectetur ex enim consequat duis id cillum exercitation adipisicing consequat.\r\n",
    "eventtime": "2016-01-20T05:10:52 -06:-30",
    "latitude": -38.773518,
    "longitude": 12.751458
  },
  {
    "_id": "60f635150cb05115c291dc7b",
    "index": 19,
    "vehicleid": "cc6a7ee5-bf0d-4b20-837f-39abddc55cad",
    "vehiclename": "Chevrolet",
    "cost": "$4,695.38",
    "Fuel": "diesel",
    "color": "green",
    "seatingcapacity": "5 seater",
    "currentowner": "Gates Finch",
    "Transmission": "manual",
    "sellingcompany": "Company3",
    "phone": "+1 (931) 418-2887",
    "address": "435 Harrison Avenue, Woodlake, North Dakota, 4731",
    "about": "Cupidatat laboris quis dolore id excepteur id ipsum do dolor ut. Qui mollit eu non irure. Dolor duis exercitation magna est. Anim proident eu proident cillum dolore anim enim aute et ex mollit culpa. Eiusmod ex aute cillum reprehenderit ullamco magna elit dolor. Amet nulla magna labore aliqua proident mollit sit. Fugiat minim tempor consequat laboris ut anim velit eiusmod est exercitation velit.\r\n",
    "eventtime": "2021-04-10T09:52:10 -06:-30",
    "latitude": -31.348151,
    "longitude": 8.051696
  },
  {
    "_id": "60f63515016b43a261cc2e1e",
    "index": 20,
    "vehicleid": "99e1e560-7d03-4342-b58c-9c2c8b6cc7cf",
    "vehiclename": "Cadillac",
    "cost": "$4,966.97",
    "Fuel": "petrol",
    "color": "green",
    "seatingcapacity": "5 seater",
    "currentowner": "Stanton Mcgee",
    "Transmission": "automatic",
    "sellingcompany": "Company4",
    "phone": "+1 (876) 407-3937",
    "address": "457 Hall Street, Gloucester, Arizona, 7346",
    "about": "Ex dolore nostrud labore ullamco. Sit nisi nisi magna laborum id aliquip. Sint consequat irure mollit ut excepteur reprehenderit elit in nostrud dolor in adipisicing minim. Est officia sit deserunt do nisi ad sint sint dolore. Consectetur velit duis laborum ex amet pariatur. Reprehenderit consequat eiusmod sunt aliqua nostrud sint ipsum.\r\n",
    "eventtime": "2020-02-29T05:55:29 -06:-30",
    "latitude": 89.246915,
    "longitude": -10.683847
  },
  {
    "_id": "60f63515a2db07de64840fa3",
    "index": 21,
    "vehicleid": "06a33763-7514-4811-85b3-9b430c99dfa0",
    "vehiclename": "Ford",
    "cost": "$4,254.62",
    "Fuel": "Electric",
    "color": "green",
    "seatingcapacity": "7 seater",
    "currentowner": "Garcia Maynard",
    "Transmission": "automatic",
    "sellingcompany": "Company2",
    "phone": "+1 (975) 436-3969",
    "address": "101 Jackson Place, Waukeenah, Puerto Rico, 7980",
    "about": "Laboris dolor sunt eu velit fugiat culpa reprehenderit. Nisi reprehenderit do sint ad laboris in eiusmod nulla minim quis commodo deserunt mollit. Sit labore voluptate minim consequat est magna in veniam eiusmod ipsum. Reprehenderit fugiat amet ullamco deserunt commodo commodo amet proident ea. Pariatur minim reprehenderit nisi culpa excepteur do. Labore irure velit non laborum dolore ad culpa. Ad et nisi minim ut ad do.\r\n",
    "eventtime": "2016-09-08T05:05:33 -06:-30",
    "latitude": -77.277309,
    "longitude": 175.178964
  },
  {
    "_id": "60f63515b2e8bb6633db22d2",
    "index": 22,
    "vehicleid": "cac20b84-2d39-4d54-bf56-270b0bfdf6a5",
    "vehiclename": "Jeep",
    "cost": "$9,906.09",
    "Fuel": "Electric",
    "color": "black",
    "seatingcapacity": "5 seater",
    "currentowner": "Teresa Farrell",
    "Transmission": "manual",
    "sellingcompany": "Company3",
    "phone": "+1 (921) 514-2302",
    "address": "570 Ryder Street, Maplewood, Kansas, 2505",
    "about": "Reprehenderit pariatur magna id exercitation esse cillum ex nisi magna magna ex dolor officia. Deserunt magna id ad non sunt tempor cillum Lorem. Mollit do sint aliqua qui quis cupidatat proident culpa nulla. Consectetur minim ullamco deserunt cillum quis sit proident commodo irure. Cillum exercitation irure nulla occaecat aliquip deserunt. Id consequat id adipisicing anim eiusmod.\r\n",
    "eventtime": "2017-09-28T06:25:05 -06:-30",
    "latitude": -28.667419,
    "longitude": 126.294491
  },
  {
    "_id": "60f635156dc0fac5da94beef",
    "index": 23,
    "vehicleid": "81e0b25f-f11d-4803-ac12-e6cc43f10ca7",
    "vehiclename": "Chevrolet",
    "cost": "$3,788.76",
    "Fuel": "diesel",
    "color": "brown",
    "seatingcapacity": "5 seater",
    "currentowner": "Catalina Chapman",
    "Transmission": "manual",
    "sellingcompany": "Company4",
    "phone": "+1 (934) 580-3674",
    "address": "836 High Street, Flintville, Nevada, 6767",
    "about": "Velit mollit cillum laboris commodo cupidatat. Laboris sunt consectetur proident anim exercitation culpa dolore id ea. Nulla velit tempor irure deserunt ex.\r\n",
    "eventtime": "2017-08-14T04:52:14 -06:-30",
    "latitude": -20.159538,
    "longitude": -21.729695
  },
  {
    "_id": "60f63515147a89c213b34805",
    "index": 24,
    "vehicleid": "1bbee862-6821-47c3-b29c-0562e4595417",
    "vehiclename": "Chevrolet",
    "cost": "$7,201.65",
    "Fuel": "Electric",
    "color": "brown",
    "seatingcapacity": "7 seater",
    "currentowner": "Erna Phelps",
    "Transmission": "automatic",
    "sellingcompany": "Company3",
    "phone": "+1 (850) 598-3321",
    "address": "732 Degraw Street, Interlochen, Minnesota, 6487",
    "about": "Ipsum quis quis do incididunt ipsum elit deserunt eiusmod aliquip mollit duis. Eu ut adipisicing mollit irure. Ut dolor veniam et enim eu. Quis occaecat proident velit enim nisi laborum. Qui aute nostrud fugiat proident duis. Magna laborum do ullamco ea officia eiusmod cillum cupidatat in.\r\n",
    "eventtime": "2021-02-03T12:24:38 -06:-30",
    "latitude": -51.279712,
    "longitude": -24.229976
  },
  {
    "_id": "60f635158d6e466b43341ba3",
    "index": 25,
    "vehicleid": "ad891d64-7769-4988-8216-6ab6d57a1989",
    "vehiclename": "Jeep",
    "cost": "$4,657.49",
    "Fuel": "petrol",
    "color": "black",
    "seatingcapacity": "2 seater",
    "currentowner": "Marylou Pratt",
    "Transmission": "manual",
    "sellingcompany": "Company3",
    "phone": "+1 (900) 480-2004",
    "address": "370 Monument Walk, Deputy, Alabama, 8735",
    "about": "Ex aute incididunt aliquip in deserunt aliqua ad anim fugiat. Lorem ut qui culpa Lorem proident id mollit sint culpa culpa deserunt nostrud nulla veniam. Fugiat commodo cupidatat culpa cillum ad. Ad culpa Lorem deserunt qui dolor duis cillum deserunt ut. Aute cillum excepteur fugiat est consectetur esse in cillum.\r\n",
    "eventtime": "2017-07-18T11:55:44 -06:-30",
    "latitude": -34.330771,
    "longitude": 49.997044
  },
  {
    "_id": "60f63515ee896b05a6b94459",
    "index": 26,
    "vehicleid": "2c3d5098-4797-40e0-bbb3-501b833c6946",
    "vehiclename": "Cadillac",
    "cost": "$7,244.19",
    "Fuel": "petrol",
    "color": "blue",
    "seatingcapacity": "2 seater",
    "currentowner": "Whitfield Blevins",
    "Transmission": "manual",
    "sellingcompany": "Company4",
    "phone": "+1 (925) 402-3826",
    "address": "733 Berry Street, Bellfountain, Georgia, 435",
    "about": "Ad tempor tempor exercitation anim do adipisicing. Exercitation nostrud ullamco labore aute est laborum dolore pariatur. Nostrud proident et nisi tempor tempor veniam pariatur commodo magna pariatur eiusmod proident.\r\n",
    "eventtime": "2018-04-06T02:12:34 -06:-30",
    "latitude": 10.349417,
    "longitude": -108.362397
  },
  {
    "_id": "60f6351594d44599e7a08075",
    "index": 27,
    "vehicleid": "f2e7970f-9bc6-4d77-aaea-4fa02eb52c3b",
    "vehiclename": "Buick",
    "cost": "$6,757.05",
    "Fuel": "diesel",
    "color": "brown",
    "seatingcapacity": "5 seater",
    "currentowner": "Hansen Castro",
    "Transmission": "automatic",
    "sellingcompany": "Company4",
    "phone": "+1 (839) 555-3977",
    "address": "443 Vermont Street, Moscow, Palau, 1395",
    "about": "Consectetur elit reprehenderit reprehenderit quis mollit minim cupidatat voluptate deserunt mollit. Sit fugiat et mollit sint ut exercitation. Minim minim aliquip magna aliqua amet deserunt veniam excepteur consectetur.\r\n",
    "eventtime": "2019-09-07T06:21:28 -06:-30",
    "latitude": -88.163892,
    "longitude": 82.622272
  },
  {
    "_id": "60f6351529167de995250ca7",
    "index": 28,
    "vehicleid": "026c53ac-4bc7-4dc8-8999-b325be87aa4a",
    "vehiclename": "Cadillac",
    "cost": "$8,542.94",
    "Fuel": "petrol",
    "color": "black",
    "seatingcapacity": "5 seater",
    "currentowner": "Terrell Stafford",
    "Transmission": "automatic",
    "sellingcompany": "Company2",
    "phone": "+1 (900) 534-2292",
    "address": "368 Crown Street, Holtville, Michigan, 9490",
    "about": "Ex nostrud sunt magna elit. Tempor pariatur adipisicing quis id ipsum magna duis velit ullamco officia culpa. Deserunt est incididunt exercitation ex. Mollit consequat ut enim dolore deserunt mollit ut eu elit et culpa. Lorem nostrud laboris minim et eu nisi laboris ullamco adipisicing irure esse. Adipisicing sunt Lorem elit do elit irure magna irure sint eiusmod ad adipisicing. Aliquip ex consectetur qui nostrud exercitation labore ea id magna nostrud.\r\n",
    "eventtime": "2015-12-30T04:33:05 -06:-30",
    "latitude": 49.897632,
    "longitude": -8.237301
  },
  {
    "_id": "60f635150560e508d95101a4",
    "index": 29,
    "vehicleid": "92182160-b27e-4266-86d2-cbf3baf7f58f",
    "vehiclename": "Jeep",
    "cost": "$2,129.63",
    "Fuel": "diesel",
    "color": "blue",
    "seatingcapacity": "7 seater",
    "currentowner": "Fletcher Torres",
    "Transmission": "manual",
    "sellingcompany": "Company2",
    "phone": "+1 (904) 591-2443",
    "address": "316 Navy Walk, Manila, Indiana, 4138",
    "about": "Exercitation laboris magna do elit. Ut duis excepteur ut reprehenderit velit adipisicing cillum. Esse in do elit veniam consequat non quis ea irure. Anim nostrud in fugiat sit laboris sunt qui ut enim ipsum pariatur. Sint excepteur adipisicing culpa veniam aliqua deserunt in do est nulla voluptate ullamco incididunt eiusmod. Anim sit voluptate reprehenderit non ipsum proident esse dolore pariatur exercitation. Magna enim duis ut elit voluptate cillum adipisicing ea et occaecat.\r\n",
    "eventtime": "2018-03-26T05:25:25 -06:-30",
    "latitude": -13.667719,
    "longitude": 123.615727
  },
  {
    "_id": "60f63515aeed91e4173cd7fc",
    "index": 30,
    "vehicleid": "a40af107-7789-49c4-bf38-c7acdbd882bb",
    "vehiclename": "Ford",
    "cost": "$9,621.02",
    "Fuel": "Electric",
    "color": "brown",
    "seatingcapacity": "2 seater",
    "currentowner": "Welch Ware",
    "Transmission": "manual",
    "sellingcompany": "Company1",
    "phone": "+1 (999) 417-3669",
    "address": "785 Midwood Street, Lowell, Massachusetts, 7553",
    "about": "Minim dolor commodo nulla ullamco minim minim irure anim tempor elit. Et eiusmod voluptate duis elit amet culpa excepteur pariatur pariatur in dolor. Laborum pariatur sunt consectetur labore labore minim consequat dolor est et proident occaecat. Minim occaecat aliquip officia Lorem aute deserunt aute ex nulla qui. Incididunt magna tempor incididunt officia ullamco.\r\n",
    "eventtime": "2019-11-13T02:11:01 -06:-30",
    "latitude": 77.190988,
    "longitude": -75.770458
  },
  {
    "_id": "60f6351570eb9832343c4470",
    "index": 31,
    "vehicleid": "802b1644-60ea-4279-850f-de2764f19045",
    "vehiclename": "Jeep",
    "cost": "$3,439.28",
    "Fuel": "petrol",
    "color": "green",
    "seatingcapacity": "4 seater",
    "currentowner": "Hardin Oneill",
    "Transmission": "manual",
    "sellingcompany": "Company3",
    "phone": "+1 (933) 553-3422",
    "address": "132 Cozine Avenue, Goochland, West Virginia, 5496",
    "about": "Eiusmod occaecat ad irure labore quis reprehenderit. Enim anim qui minim aliqua in voluptate nostrud aute minim commodo. Qui magna irure id sint enim non. Culpa irure Lorem officia cillum ex commodo deserunt consequat culpa do. Ad sint sit minim dolore dolore aliquip eiusmod qui consectetur enim commodo elit et. Quis culpa occaecat adipisicing deserunt ullamco anim eiusmod sint aliquip nostrud. Consectetur minim exercitation sint ut.\r\n",
    "eventtime": "2020-06-09T11:52:01 -06:-30",
    "latitude": 18.921562,
    "longitude": 134.909004
  },
  {
    "_id": "60f63515d7f6296bfb4cf34a",
    "index": 32,
    "vehicleid": "6ffe62ec-f685-4a12-8dbe-ae71f42fccec",
    "vehiclename": "Chevrolet",
    "cost": "$8,759.58",
    "Fuel": "Electric",
    "color": "white",
    "seatingcapacity": "5 seater",
    "currentowner": "Elsa Miller",
    "Transmission": "manual",
    "sellingcompany": "Company4",
    "phone": "+1 (969) 421-2228",
    "address": "447 Schweikerts Walk, Chautauqua, Missouri, 2966",
    "about": "Veniam officia fugiat duis pariatur in aliquip do occaecat ut duis velit et adipisicing. Amet eu culpa nisi cupidatat sunt ipsum id id nostrud magna ipsum eu. Minim pariatur dolore quis nulla amet do sint est nulla. Eiusmod adipisicing est occaecat esse adipisicing tempor dolor cillum. Minim sit sint laborum culpa amet aute tempor ullamco duis cupidatat ipsum est dolore anim. Nostrud exercitation pariatur amet laborum ex dolore occaecat mollit.\r\n",
    "eventtime": "2016-11-30T10:12:11 -06:-30",
    "latitude": 57.867289,
    "longitude": 35.159175
  },
  {
    "_id": "60f635158cccbc79ee285329",
    "index": 33,
    "vehicleid": "baebf09a-8532-401a-be4d-4529578dd8e8",
    "vehiclename": "Jeep",
    "cost": "$9,659.82",
    "Fuel": "petrol",
    "color": "brown",
    "seatingcapacity": "7 seater",
    "currentowner": "Fisher Warren",
    "Transmission": "manual",
    "sellingcompany": "Company2",
    "phone": "+1 (980) 506-2467",
    "address": "964 Sutter Avenue, Darbydale, Federated States Of Micronesia, 8625",
    "about": "Nulla ad ex in dolor occaecat mollit officia. Anim cupidatat ullamco tempor occaecat ipsum aliquip. Labore laboris officia laboris anim non ipsum ipsum veniam incididunt nisi consectetur occaecat id. Ad labore aliqua ad dolore et do in ex exercitation labore deserunt qui deserunt. Anim cillum mollit nostrud ut ipsum officia cupidatat labore pariatur eu aliqua enim dolor. Sit voluptate enim veniam laboris. Fugiat adipisicing in enim sit ad deserunt ullamco ullamco voluptate irure officia.\r\n",
    "eventtime": "2016-09-15T04:34:08 -06:-30",
    "latitude": 16.972139,
    "longitude": 64.113611
  },
  {
    "_id": "60f63515c79fa32fba5abf18",
    "index": 34,
    "vehicleid": "e48ec3c4-7447-47f4-a150-d2d02f3676fc",
    "vehiclename": "Cadillac",
    "cost": "$3,109.30",
    "Fuel": "petrol",
    "color": "blue",
    "seatingcapacity": "7 seater",
    "currentowner": "Lesley Gallegos",
    "Transmission": "automatic",
    "sellingcompany": "Company2",
    "phone": "+1 (893) 480-3855",
    "address": "733 Amboy Street, Vallonia, Rhode Island, 9809",
    "about": "Est ut ex exercitation deserunt tempor consequat qui incididunt esse incididunt dolor eiusmod cupidatat. Voluptate Lorem tempor pariatur labore duis dolor occaecat laboris ex amet tempor qui. Ut quis id adipisicing veniam pariatur enim commodo. Lorem est anim aute sunt mollit cillum aute pariatur velit. Excepteur ullamco fugiat minim ipsum adipisicing sint id do cupidatat. Commodo adipisicing excepteur reprehenderit sit non aliqua dolore et cillum duis proident elit pariatur occaecat.\r\n",
    "eventtime": "2014-12-02T07:16:15 -06:-30",
    "latitude": -26.239568,
    "longitude": 2.200173
  },
  {
    "_id": "60f6351589524003afc4a14d",
    "index": 35,
    "vehicleid": "cbf9d8df-9a98-494b-b052-d79ec0c58f4c",
    "vehiclename": "Cadillac",
    "cost": "$6,121.32",
    "Fuel": "diesel",
    "color": "black",
    "seatingcapacity": "7 seater",
    "currentowner": "Patrick Rowe",
    "Transmission": "automatic",
    "sellingcompany": "Company1",
    "phone": "+1 (884) 576-3298",
    "address": "184 Poly Place, Gibbsville, Connecticut, 9439",
    "about": "Esse minim et est proident quis. Occaecat exercitation proident proident ut nostrud nisi dolore consequat cupidatat consectetur qui ad aute ipsum. Voluptate incididunt minim est mollit. Proident irure incididunt aliqua irure dolor nostrud pariatur irure.\r\n",
    "eventtime": "2018-01-10T10:15:42 -06:-30",
    "latitude": -25.940838,
    "longitude": 139.332484
  }
 ]