[
  {
    "_id": "60f6351f16fa4f83012805a8",
    "index": 0,
    "vehicleid": "f092f727-e300-45e4-9ef7-0415d78ca675",
    "vehiclename": "Ford",
    "cost": "$9,625.96",
    "Fuel": "petrol",
    "color": "black",
    "seatingcapacity": "5 seater",
    "currentowner": "Blair Rojas",
    "Transmission": "manual",
    "sellingcompany": "Company1",
    "phone": "+1 (825) 595-3290",
    "address": "602 Aitken Place, Hardyville, Texas, 5120",
    "about": "Ipsum anim ullamco elit aliquip consequat voluptate occaecat minim anim qui magna pariatur. Adipisicing ut cillum qui excepteur eu ipsum elit ullamco culpa id cillum. Tempor quis et anim cillum voluptate commodo do consectetur culpa laboris adipisicing Lorem ullamco sunt. Labore quis laboris magna adipisicing nostrud cillum cupidatat enim consequat commodo commodo sunt esse.\r\n",
    "eventtime": "2019-08-16T05:45:03 -06:-30",
    "latitude": -30.193162,
    "longitude": 0.077222
  },
  {
    "_id": "60f6351f0d5d1cab9267067f",
    "index": 1,
    "vehicleid": "814a76d7-8e1a-43f3-b27f-de3960bb39dc",
    "vehiclename": "Ford",
    "cost": "$7,177.54",
    "Fuel": "petrol",
    "color": "brown",
    "seatingcapacity": "4 seater",
    "currentowner": "Jewell Gordon",
    "Transmission": "manual",
    "sellingcompany": "Company4",
    "phone": "+1 (841) 566-2188",
    "address": "664 Ide Court, Soham, Northern Mariana Islands, 5041",
    "about": "Irure quis magna esse minim minim occaecat enim irure exercitation. Magna excepteur tempor aute laborum veniam ad minim aliqua. Eu consectetur aute enim nisi quis officia Lorem cupidatat adipisicing. Ad pariatur enim irure ad labore qui aliqua nostrud.\r\n",
    "eventtime": "2019-12-17T05:44:03 -06:-30",
    "latitude": 47.760673,
    "longitude": -92.701212
  },
  {
    "_id": "60f6351f60ce13a1fa4d2052",
    "index": 2,
    "vehicleid": "ea700dfa-bf9d-4d41-9079-c8986477c856",
    "vehiclename": "Buick",
    "cost": "$3,138.31",
    "Fuel": "Electric",
    "color": "blue",
    "seatingcapacity": "5 seater",
    "currentowner": "Cristina Dudley",
    "Transmission": "manual",
    "sellingcompany": "Company2",
    "phone": "+1 (855) 576-3310",
    "address": "607 Gerry Street, Gerber, American Samoa, 9182",
    "about": "Nulla quis eiusmod consequat dolor nulla mollit commodo dolor incididunt tempor sunt in qui dolore. Magna duis ipsum amet culpa cupidatat ullamco qui nulla voluptate incididunt id excepteur veniam. Aute cillum proident exercitation est ea aliquip id. Irure eu ut aliquip laborum non tempor deserunt Lorem ea elit sunt eiusmod pariatur.\r\n",
    "eventtime": "2019-05-14T02:21:46 -06:-30",
    "latitude": 77.341854,
    "longitude": 124.794367
  },
  {
    "_id": "60f6351fe5759696fb28cd8e",
    "index": 3,
    "vehicleid": "c1b27746-8b65-4872-b097-bb3f04a9e8a7",
    "vehiclename": "Jeep",
    "cost": "$9,916.29",
    "Fuel": "diesel",
    "color": "green",
    "seatingcapacity": "4 seater",
    "currentowner": "Tamara Fernandez",
    "Transmission": "manual",
    "sellingcompany": "Company4",
    "phone": "+1 (876) 536-2192",
    "address": "833 Homecrest Court, Bancroft, Virginia, 4170",
    "about": "Voluptate nisi quis ipsum tempor irure. Officia aute voluptate non id ea. Ullamco officia in adipisicing quis consequat in aute consequat veniam eiusmod labore esse elit. Ipsum dolor nulla Lorem ad quis velit culpa culpa. In laborum do exercitation pariatur cupidatat eu ipsum quis est cillum non sunt. Commodo ad culpa cillum ullamco incididunt occaecat nisi et quis quis. Elit magna nisi deserunt esse do esse veniam excepteur reprehenderit Lorem velit ut magna.\r\n",
    "eventtime": "2017-08-04T05:25:00 -06:-30",
    "latitude": 87.420706,
    "longitude": 160.953332
  },
  {
    "_id": "60f6351f919e0db1a4d4a7b7",
    "index": 4,
    "vehicleid": "b295e781-da0e-4edf-a0f4-2383de49a6f7",
    "vehiclename": "Jeep",
    "cost": "$2,422.65",
    "Fuel": "Electric",
    "color": "white",
    "seatingcapacity": "2 seater",
    "currentowner": "Pruitt Wilkerson",
    "Transmission": "manual",
    "sellingcompany": "Company1",
    "phone": "+1 (800) 507-2328",
    "address": "498 Decatur Street, Marysville, Nevada, 3397",
    "about": "Deserunt proident sunt ipsum aliquip est consequat culpa ipsum est consequat aliqua ea incididunt. Amet Lorem reprehenderit nostrud reprehenderit consequat deserunt. Culpa aute voluptate dolor proident consectetur ullamco Lorem anim. Adipisicing reprehenderit ad commodo sint nisi nisi est aliqua dolor id.\r\n",
    "eventtime": "2019-08-08T12:02:20 -06:-30",
    "latitude": -77.242411,
    "longitude": -14.965317
  },
  {
    "_id": "60f6351f9f2508d3c0ce2999",
    "index": 5,
    "vehicleid": "3fcd7f37-637f-434a-bf88-5e6db0cb3fd6",
    "vehiclename": "Jeep",
    "cost": "$3,851.59",
    "Fuel": "diesel",
    "color": "black",
    "seatingcapacity": "5 seater",
    "currentowner": "Atkinson Shannon",
    "Transmission": "automatic",
    "sellingcompany": "Company2",
    "phone": "+1 (873) 448-3824",
    "address": "559 Leonard Street, Jacksonwald, North Dakota, 596",
    "about": "Amet tempor aliquip occaecat irure enim dolore ut deserunt. Quis dolore consequat ullamco laboris laborum duis ad id elit. Occaecat velit occaecat voluptate occaecat excepteur est tempor tempor dolor.\r\n",
    "eventtime": "2017-10-19T03:58:22 -06:-30",
    "latitude": -19.661969,
    "longitude": 41.962644
  },
  {
    "_id": "60f6351f1909f8a826941a80",
    "index": 6,
    "vehicleid": "9a4e9dcd-1fd9-43ba-9101-58fbfb50e276",
    "vehiclename": "Chevrolet",
    "cost": "$9,026.99",
    "Fuel": "petrol",
    "color": "brown",
    "seatingcapacity": "4 seater",
    "currentowner": "Elise Bowers",
    "Transmission": "automatic",
    "sellingcompany": "Company1",
    "phone": "+1 (906) 529-3669",
    "address": "781 Walker Court, Durham, Iowa, 7946",
    "about": "Consequat laboris eu laborum consequat esse culpa commodo nisi occaecat veniam qui ad nostrud. Laboris commodo irure nostrud consectetur eiusmod ut laborum ut mollit non. In quis commodo laboris ad aute nisi non fugiat tempor sint reprehenderit eiusmod ea nisi. Non in ea tempor est. Officia exercitation minim exercitation sit cupidatat elit amet laboris labore. Excepteur ut irure esse culpa eu sit cillum non consectetur laborum et labore. Lorem eu exercitation officia elit.\r\n",
    "eventtime": "2018-11-15T03:34:45 -06:-30",
    "latitude": 22.33605,
    "longitude": -124.541355
  },
  {
    "_id": "60f6351fbf461fa2d8aaf580",
    "index": 7,
    "vehicleid": "696a015f-4c48-4d78-9b2f-1ecbde8ed070",
    "vehiclename": "Ford",
    "cost": "$5,108.17",
    "Fuel": "petrol",
    "color": "black",
    "seatingcapacity": "7 seater",
    "currentowner": "Laurel Rogers",
    "Transmission": "manual",
    "sellingcompany": "Company3",
    "phone": "+1 (968) 434-3610",
    "address": "619 Locust Street, Epworth, Delaware, 2020",
    "about": "Aute aliquip qui proident tempor ut duis ut nisi. Laboris Lorem ad deserunt proident dolor labore qui velit laborum culpa reprehenderit amet. Nostrud id consectetur ex esse sunt.\r\n",
    "eventtime": "2019-10-29T07:55:12 -06:-30",
    "latitude": -54.609625,
    "longitude": -53.945675
  },
  {
    "_id": "60f6351fc464f113e18c4c71",
    "index": 8,
    "vehicleid": "89941a71-b15c-4747-bd27-872e443eb3a3",
    "vehiclename": "Ford",
    "cost": "$9,281.15",
    "Fuel": "diesel",
    "color": "black",
    "seatingcapacity": "5 seater",
    "currentowner": "Roxie Pearson",
    "Transmission": "automatic",
    "sellingcompany": "Company4",
    "phone": "+1 (804) 403-2908",
    "address": "710 Colonial Court, Welda, Georgia, 5587",
    "about": "Sunt proident incididunt mollit cillum. Cillum nostrud exercitation do eu. Ad non consectetur nostrud minim et est nisi. Sit ullamco laboris nisi exercitation qui. Do dolor mollit dolore irure commodo ea culpa laborum adipisicing veniam qui.\r\n",
    "eventtime": "2020-02-12T08:14:01 -06:-30",
    "latitude": -24.746053,
    "longitude": 33.020912
  },
  {
    "_id": "60f6351f235c405095a7b0ec",
    "index": 9,
    "vehicleid": "61249f3e-3093-4a06-b62d-23169d1cf74c",
    "vehiclename": "Cadillac",
    "cost": "$6,704.74",
    "Fuel": "petrol",
    "color": "blue",
    "seatingcapacity": "7 seater",
    "currentowner": "Slater Peters",
    "Transmission": "automatic",
    "sellingcompany": "Company4",
    "phone": "+1 (875) 408-3460",
    "address": "332 Bergen Street, Freeburn, Indiana, 3684",
    "about": "Velit reprehenderit dolore amet exercitation exercitation fugiat sunt magna ea deserunt ea. Sunt sit exercitation sint ex voluptate deserunt ea ea. Ea dolore do enim tempor mollit veniam sint ut tempor proident anim ex esse. Consequat esse dolor laborum reprehenderit exercitation nostrud laborum reprehenderit velit fugiat ut adipisicing adipisicing. Sunt mollit deserunt sint excepteur aute veniam culpa dolor laborum ex ex labore sint. Aliqua incididunt veniam nulla aliqua ad ullamco reprehenderit nulla culpa ipsum ut consectetur anim. Anim proident occaecat fugiat laborum ex tempor dolore tempor ipsum proident eu nulla.\r\n",
    "eventtime": "2021-02-22T02:46:33 -06:-30",
    "latitude": 55.195818,
    "longitude": -15.423763
  },
  {
    "_id": "60f6351f018e4c3b511afa2e",
    "index": 10,
    "vehicleid": "aab37ea4-f165-40b8-ab1f-e533a213d649",
    "vehiclename": "Ford",
    "cost": "$3,535.76",
    "Fuel": "diesel",
    "color": "white",
    "seatingcapacity": "2 seater",
    "currentowner": "Louise Knox",
    "Transmission": "manual",
    "sellingcompany": "Company3",
    "phone": "+1 (877) 409-3825",
    "address": "876 Ruby Street, Crumpler, Washington, 5564",
    "about": "Aliquip et excepteur sit est laborum in ullamco ex. Ad cillum eiusmod non amet irure ad. Laboris exercitation excepteur adipisicing ut excepteur culpa ad ipsum ex veniam. Non dolor do fugiat cupidatat esse anim minim magna culpa eiusmod eiusmod excepteur velit. Veniam pariatur voluptate amet nisi. Deserunt pariatur sunt laboris non adipisicing veniam aute. Excepteur laborum laboris aliquip Lorem anim magna veniam.\r\n",
    "eventtime": "2019-02-24T04:13:21 -06:-30",
    "latitude": -66.130048,
    "longitude": -170.935442
  },
  {
    "_id": "60f6351f4c58cc2201221db8",
    "index": 11,
    "vehicleid": "77cdc125-d22d-4358-87d9-5187fe4d3e03",
    "vehiclename": "Cadillac",
    "cost": "$9,129.44",
    "Fuel": "diesel",
    "color": "white",
    "seatingcapacity": "4 seater",
    "currentowner": "Stout Farley",
    "Transmission": "automatic",
    "sellingcompany": "Company4",
    "phone": "+1 (812) 522-3995",
    "address": "240 Humboldt Street, Shrewsbury, New Jersey, 1110",
    "about": "Do amet quis ea est cupidatat voluptate eu eu laborum voluptate minim officia voluptate reprehenderit. Nostrud mollit eu laborum ipsum ex elit aliqua adipisicing Lorem laborum. Est eiusmod cupidatat nostrud labore cupidatat sunt et velit sint cillum. Magna non et ea consequat esse non do. Sunt proident amet exercitation do. Do deserunt laborum enim voluptate dolor amet laborum ad ut nulla eu.\r\n",
    "eventtime": "2015-11-02T03:22:47 -06:-30",
    "latitude": -1.076421,
    "longitude": 7.270407
  },
  {
    "_id": "60f6351f6e76ac40855ed762",
    "index": 12,
    "vehicleid": "ca8f0b25-7254-4c0a-8753-57f22fd9fe87",
    "vehiclename": "Chevrolet",
    "cost": "$7,057.39",
    "Fuel": "Electric",
    "color": "brown",
    "seatingcapacity": "2 seater",
    "currentowner": "Mcmillan Zimmerman",
    "Transmission": "manual",
    "sellingcompany": "Company2",
    "phone": "+1 (885) 467-2862",
    "address": "376 Ludlam Place, Coldiron, Puerto Rico, 8423",
    "about": "Commodo exercitation ipsum proident est labore proident sit sint. Qui velit incididunt excepteur aliqua. Sit pariatur sunt dolore eu laboris commodo esse minim magna. Velit do ullamco sunt esse do ut id deserunt reprehenderit ut consectetur aliquip.\r\n",
    "eventtime": "2015-11-07T05:39:23 -06:-30",
    "latitude": -32.484419,
    "longitude": -8.836223
  },
  {
    "_id": "60f6351f437da8571f0d733b",
    "index": 13,
    "vehicleid": "d0948120-45c1-4487-9049-072ef0901e01",
    "vehiclename": "Ford",
    "cost": "$5,838.05",
    "Fuel": "Electric",
    "color": "blue",
    "seatingcapacity": "2 seater",
    "currentowner": "Regina Nielsen",
    "Transmission": "manual",
    "sellingcompany": "Company2",
    "phone": "+1 (994) 517-3675",
    "address": "625 Townsend Street, Kenmar, Tennessee, 5064",
    "about": "Eiusmod minim id mollit sunt. Eiusmod eiusmod officia labore magna officia ipsum laborum cupidatat tempor dolore velit consectetur. Officia incididunt nulla consequat enim amet proident exercitation nulla. Proident sint excepteur cillum quis consequat et elit laboris. Quis adipisicing consequat officia dolore nisi duis esse aliqua. Incididunt duis nulla ex exercitation adipisicing.\r\n",
    "eventtime": "2019-09-13T01:47:17 -06:-30",
    "latitude": 55.578977,
    "longitude": 74.132941
  },
  {
    "_id": "60f6351fc7179218c9dff538",
    "index": 14,
    "vehicleid": "ea8f1ad5-5eee-41e0-b517-756dc218b4c1",
    "vehiclename": "Ford",
    "cost": "$2,173.99",
    "Fuel": "Electric",
    "color": "green",
    "seatingcapacity": "7 seater",
    "currentowner": "Mollie Osborne",
    "Transmission": "automatic",
    "sellingcompany": "Company4",
    "phone": "+1 (980) 453-3510",
    "address": "787 Irving Place, Harmon, Arizona, 1361",
    "about": "Reprehenderit et reprehenderit ea cupidatat nisi pariatur cillum proident. Magna irure laboris sit sint ut dolore commodo. Est excepteur magna mollit excepteur labore est duis commodo sit. Nulla ipsum incididunt elit in aute.\r\n",
    "eventtime": "2014-10-05T08:15:24 -06:-30",
    "latitude": 22.010199,
    "longitude": 128.71442
  },
  {
    "_id": "60f6351f485d3a06c99f9ad0",
    "index": 15,
    "vehicleid": "84ce4d82-b35f-416d-866b-25e68e033e3c",
    "vehiclename": "Chevrolet",
    "cost": "$5,632.61",
    "Fuel": "diesel",
    "color": "brown",
    "seatingcapacity": "4 seater",
    "currentowner": "Lucia Witt",
    "Transmission": "automatic",
    "sellingcompany": "Company3",
    "phone": "+1 (879) 419-3560",
    "address": "910 Lott Avenue, Rosburg, Idaho, 5898",
    "about": "Ad velit commodo occaecat irure enim proident dolore laboris pariatur adipisicing veniam nostrud. Minim et consequat labore exercitation laboris occaecat deserunt eiusmod et. Nulla labore proident ea est ex commodo. Pariatur commodo consectetur enim tempor. Id exercitation fugiat magna mollit pariatur nisi adipisicing non. Sunt culpa commodo eiusmod amet irure. Tempor sit veniam eiusmod cupidatat culpa ipsum magna nulla magna labore et commodo.\r\n",
    "eventtime": "2014-01-22T12:13:44 -06:-30",
    "latitude": 9.14433,
    "longitude": 26.17991
  },
  {
    "_id": "60f6351fb805e4217a398634",
    "index": 16,
    "vehicleid": "736fc18a-fa79-40e7-8bc7-d263b7f28b8f",
    "vehiclename": "Jeep",
    "cost": "$6,438.45",
    "Fuel": "Electric",
    "color": "white",
    "seatingcapacity": "7 seater",
    "currentowner": "Esther Bell",
    "Transmission": "automatic",
    "sellingcompany": "Company3",
    "phone": "+1 (907) 530-3151",
    "address": "931 Union Street, Virgie, Virgin Islands, 3524",
    "about": "Excepteur excepteur pariatur fugiat velit magna et. Minim nulla excepteur esse sit dolor cillum proident duis ipsum sint. Reprehenderit officia ad incididunt nulla adipisicing eu ullamco ullamco ad laboris ex. Commodo quis sunt duis ea tempor quis quis commodo incididunt reprehenderit commodo ex in.\r\n",
    "eventtime": "2021-03-17T08:38:18 -06:-30",
    "latitude": -31.123407,
    "longitude": -23.250599
  },
  {
    "_id": "60f6351fb5638ffe0033234e",
    "index": 17,
    "vehicleid": "e23c6000-63aa-4a52-9250-76bdcfd16559",
    "vehiclename": "Ford",
    "cost": "$4,903.57",
    "Fuel": "petrol",
    "color": "white",
    "seatingcapacity": "7 seater",
    "currentowner": "Bernadette Cain",
    "Transmission": "manual",
    "sellingcompany": "Company2",
    "phone": "+1 (966) 566-3481",
    "address": "299 Farragut Place, Denio, Palau, 6343",
    "about": "Eu labore do ullamco proident commodo occaecat Lorem Lorem amet reprehenderit sunt. Nulla consectetur duis tempor non ex ut. Veniam cupidatat duis magna cillum consectetur ea adipisicing nulla quis enim pariatur do enim voluptate. Id eiusmod occaecat dolor commodo aliqua nisi non. Cillum velit aliqua occaecat voluptate aliquip consequat occaecat esse irure aliquip. Sint culpa deserunt id elit pariatur eiusmod sit Lorem sint sint. Do enim consequat officia eu.\r\n",
    "eventtime": "2016-06-01T12:09:27 -06:-30",
    "latitude": 51.853923,
    "longitude": 26.548249
  },
  {
    "_id": "60f6351f251b4c70a4f0765f",
    "index": 18,
    "vehicleid": "6803461e-a4fa-4acb-965f-5a838e45ab6a",
    "vehiclename": "Jeep",
    "cost": "$4,785.88",
    "Fuel": "petrol",
    "color": "black",
    "seatingcapacity": "4 seater",
    "currentowner": "Myrtle Daniels",
    "Transmission": "manual",
    "sellingcompany": "Company2",
    "phone": "+1 (997) 459-2238",
    "address": "877 Robert Street, Bordelonville, Alabama, 421",
    "about": "Do aute consequat non ex deserunt ex ex elit ullamco sit non sit. Do enim amet sint qui pariatur est culpa minim est exercitation. Velit et adipisicing quis elit laborum. Anim aute nulla occaecat aliqua veniam sit sint fugiat.\r\n",
    "eventtime": "2019-04-26T11:22:48 -06:-30",
    "latitude": 7.65885,
    "longitude": -178.588376
  },
  {
    "_id": "60f6351f5ea618bf8e081477",
    "index": 19,
    "vehicleid": "57697615-0e31-4ab1-8b78-6c7642f849fe",
    "vehiclename": "Chevrolet",
    "cost": "$2,289.34",
    "Fuel": "diesel",
    "color": "brown",
    "seatingcapacity": "7 seater",
    "currentowner": "Kelley Levine",
    "Transmission": "automatic",
    "sellingcompany": "Company4",
    "phone": "+1 (900) 577-3841",
    "address": "496 Channel Avenue, Newry, West Virginia, 8830",
    "about": "Cillum et est culpa laborum Lorem sint reprehenderit ad excepteur officia sit aliquip. Qui commodo qui exercitation Lorem occaecat aute pariatur ut eiusmod. Adipisicing dolore incididunt sit elit aliqua adipisicing non magna consectetur irure ullamco minim aliquip fugiat. Ullamco est velit duis cillum minim nulla. Aliquip Lorem sit aliqua in magna nostrud consequat aute non irure enim adipisicing sunt. Aute excepteur commodo cupidatat laborum. Mollit magna exercitation fugiat fugiat eu proident minim id quis ex.\r\n",
    "eventtime": "2014-09-20T09:51:01 -06:-30",
    "latitude": -64.518986,
    "longitude": -29.900222
  },
  {
    "_id": "60f6351fc2ea988129bc5a07",
    "index": 20,
    "vehicleid": "a543e652-d45a-4f64-8fb8-72aa5d7aab4d",
    "vehiclename": "Ford",
    "cost": "$3,247.08",
    "Fuel": "petrol",
    "color": "green",
    "seatingcapacity": "2 seater",
    "currentowner": "Imelda Wise",
    "Transmission": "manual",
    "sellingcompany": "Company4",
    "phone": "+1 (931) 591-2893",
    "address": "674 Holmes Lane, Canterwood, South Carolina, 115",
    "about": "Ad irure ipsum fugiat esse nostrud. Dolore nulla ut labore ad. Aute culpa dolor pariatur incididunt nostrud ullamco occaecat voluptate ut pariatur voluptate proident. Fugiat commodo incididunt commodo quis et eu consectetur mollit do fugiat. Commodo quis esse pariatur sint reprehenderit incididunt do in do. Ad proident id consequat fugiat deserunt ullamco nisi minim ullamco. Minim eu occaecat reprehenderit exercitation fugiat.\r\n",
    "eventtime": "2015-04-07T01:27:39 -06:-30",
    "latitude": 86.246446,
    "longitude": 149.005175
  },
  {
    "_id": "60f6351fe8dccf4337886ece",
    "index": 21,
    "vehicleid": "f7ed41c5-5d81-4528-a3a8-a9721baf6012",
    "vehiclename": "Jeep",
    "cost": "$9,649.53",
    "Fuel": "petrol",
    "color": "green",
    "seatingcapacity": "2 seater",
    "currentowner": "Cleveland Lewis",
    "Transmission": "manual",
    "sellingcompany": "Company4",
    "phone": "+1 (888) 586-2777",
    "address": "895 Jodie Court, Brenton, New York, 825",
    "about": "Proident eu id esse quis occaecat quis est duis ullamco reprehenderit aliqua sit do excepteur. Fugiat dolor cupidatat sint ullamco voluptate commodo consequat laborum. Velit voluptate fugiat laborum excepteur ad fugiat reprehenderit. Amet aliqua ullamco proident aliquip duis ipsum elit non laborum adipisicing eu dolore. In cupidatat et laborum occaecat excepteur excepteur aliqua sit. Magna adipisicing qui nisi sint sunt non Lorem dolore aliqua eiusmod proident occaecat veniam et. Exercitation ex quis nostrud ullamco tempor est fugiat.\r\n",
    "eventtime": "2016-02-14T01:22:37 -06:-30",
    "latitude": -63.378345,
    "longitude": -82.640614
  },
  {
    "_id": "60f6351f1bc1a066a701e6c1",
    "index": 22,
    "vehicleid": "de1572f8-faa0-4d0d-aad4-f294f49e8b95",
    "vehiclename": "Buick",
    "cost": "$8,680.87",
    "Fuel": "diesel",
    "color": "green",
    "seatingcapacity": "4 seater",
    "currentowner": "Moon Little",
    "Transmission": "automatic",
    "sellingcompany": "Company4",
    "phone": "+1 (965) 532-3017",
    "address": "827 Schenck Court, Winston, Arkansas, 6299",
    "about": "Veniam anim non dolore cillum. Consectetur laborum proident sint do non est veniam pariatur cupidatat sit ipsum ut dolore. Esse consectetur ad amet voluptate ad. Ad elit ad tempor ex ad sunt voluptate non anim dolore aliquip minim.\r\n",
    "eventtime": "2020-09-03T12:27:50 -06:-30",
    "latitude": 30.01278,
    "longitude": 109.598044
  },
  {
    "_id": "60f6351f9a64d8af34f3533e",
    "index": 23,
    "vehicleid": "1e22f705-cf0b-40c8-8b06-e80c16b012a4",
    "vehiclename": "Ford",
    "cost": "$4,606.46",
    "Fuel": "Electric",
    "color": "black",
    "seatingcapacity": "4 seater",
    "currentowner": "May Mcclain",
    "Transmission": "automatic",
    "sellingcompany": "Company1",
    "phone": "+1 (910) 578-3454",
    "address": "735 Miami Court, Edmund, New Hampshire, 314",
    "about": "Nulla excepteur minim consectetur ad tempor consequat quis. Proident pariatur magna ullamco laboris adipisicing. Velit eiusmod excepteur et do proident sunt amet in nulla. Incididunt cupidatat veniam quis cillum. Eiusmod eiusmod elit esse exercitation non dolore nulla duis. Elit excepteur velit in eu ad. Voluptate magna commodo excepteur eiusmod commodo duis eu velit dolor nostrud pariatur mollit sunt voluptate.\r\n",
    "eventtime": "2021-04-04T11:30:00 -06:-30",
    "latitude": 76.782115,
    "longitude": -72.570091
  },
  {
    "_id": "60f6351fbe38ba35fa1e5571",
    "index": 24,
    "vehicleid": "b11402d4-1f9c-4b5f-8157-602e5782247b",
    "vehiclename": "Chevrolet",
    "cost": "$9,191.08",
    "Fuel": "petrol",
    "color": "blue",
    "seatingcapacity": "7 seater",
    "currentowner": "Erickson Franklin",
    "Transmission": "manual",
    "sellingcompany": "Company1",
    "phone": "+1 (891) 430-3540",
    "address": "204 Beach Place, Ronco, Maryland, 8300",
    "about": "Anim sit ipsum magna cupidatat do officia magna nisi ullamco. Nostrud reprehenderit Lorem velit cupidatat ipsum anim enim consequat amet. Dolor commodo nulla duis fugiat ad non.\r\n",
    "eventtime": "2014-07-05T08:07:30 -06:-30",
    "latitude": -3.82213,
    "longitude": -156.986584
  },
  {
    "_id": "60f6351f409c311f92826249",
    "index": 25,
    "vehicleid": "eef68db1-3f3c-40fd-8f0a-dc4155e25a8c",
    "vehiclename": "Chevrolet",
    "cost": "$9,627.21",
    "Fuel": "diesel",
    "color": "green",
    "seatingcapacity": "5 seater",
    "currentowner": "Mavis Shaffer",
    "Transmission": "automatic",
    "sellingcompany": "Company2",
    "phone": "+1 (844) 575-2143",
    "address": "728 Hall Street, Hemlock, Florida, 7727",
    "about": "Voluptate id deserunt consequat et veniam culpa exercitation qui velit voluptate ad commodo duis. Eu eu ullamco eu sint. Ea eu elit ad anim aute voluptate ipsum sit dolor dolor. Non amet quis ad adipisicing ex commodo consectetur ex. Pariatur magna fugiat qui ex tempor elit.\r\n",
    "eventtime": "2015-07-26T09:38:47 -06:-30",
    "latitude": 20.925285,
    "longitude": 144.033994
  }
]