[
  {
    "_id": "60f63521354a17e7f07342c7",
    "index": 0,
    "vehicleid": "e6c6a5b7-1b9d-42d4-a862-8cd0a53997ef",
    "vehiclename": "Buick",
    "cost": "$5,208.73",
    "Fuel": "petrol",
    "color": "brown",
    "seatingcapacity": "4 seater",
    "currentowner": "Kristen Green",
    "Transmission": "manual",
    "sellingcompany": "Company3",
    "phone": "+1 (911) 572-2330",
    "address": "233 Porter Avenue, Clara, Arizona, 6074",
    "about": "Ut ad non tempor incididunt irure in ea veniam adipisicing esse. Amet mollit laborum ullamco enim commodo dolor est aliquip dolor et veniam do. Laboris tempor adipisicing exercitation in proident excepteur irure est aliqua officia exercitation. Dolor in aute Lorem proident dolor voluptate pariatur qui dolor nisi esse veniam ad velit. Laborum cillum deserunt labore pariatur occaecat consequat laborum officia aute deserunt.\r\n",
    "eventtime": "2017-10-18T06:58:09 -06:-30",
    "latitude": -83.986494,
    "longitude": 5.592343
  },
  {
    "_id": "60f6352152ff245d6b7d6223",
    "index": 1,
    "vehicleid": "f0e1f22e-c14e-4e32-911c-fa3025e9de06",
    "vehiclename": "Chevrolet",
    "cost": "$4,521.69",
    "Fuel": "diesel",
    "color": "green",
    "seatingcapacity": "5 seater",
    "currentowner": "Allen Raymond",
    "Transmission": "automatic",
    "sellingcompany": "Company1",
    "phone": "+1 (820) 414-3123",
    "address": "304 Arlington Place, Gambrills, Florida, 8021",
    "about": "Ad qui amet consectetur fugiat excepteur. Commodo occaecat id laborum reprehenderit fugiat nostrud voluptate exercitation elit reprehenderit id. Esse occaecat deserunt aliqua sint aliqua elit ex non aliqua nisi aute.\r\n",
    "eventtime": "2020-11-05T01:21:19 -06:-30",
    "latitude": 33.363104,
    "longitude": 77.4143
  },
  {
    "_id": "60f63521d5f1b3772f17a6a0",
    "index": 2,
    "vehicleid": "e21e7d4a-2efd-4859-a12c-bda731e9312f",
    "vehiclename": "Chevrolet",
    "cost": "$7,700.26",
    "Fuel": "Electric",
    "color": "blue",
    "seatingcapacity": "5 seater",
    "currentowner": "Jill Edwards",
    "Transmission": "manual",
    "sellingcompany": "Company2",
    "phone": "+1 (898) 594-2991",
    "address": "904 Clermont Avenue, Wyoming, Missouri, 7970",
    "about": "Minim consectetur eiusmod id mollit dolor. Velit aliquip qui enim est aliquip amet id irure amet nulla. Id qui ullamco ad adipisicing excepteur sunt ut cillum nostrud ex non ipsum sit. In elit anim ullamco enim. Excepteur ea proident aute dolor nisi id ut exercitation eiusmod consectetur sint proident anim.\r\n",
    "eventtime": "2016-10-24T11:33:10 -06:-30",
    "latitude": -17.1777,
    "longitude": -142.612706
  },
  {
    "_id": "60f6352195e8ae01d9b40f0c",
    "index": 3,
    "vehicleid": "c1c5ca9b-4aea-4a5e-babc-775f578c0ac6",
    "vehiclename": "Chevrolet",
    "cost": "$5,184.75",
    "Fuel": "Electric",
    "color": "black",
    "seatingcapacity": "5 seater",
    "currentowner": "Sondra Harrell",
    "Transmission": "manual",
    "sellingcompany": "Company4",
    "phone": "+1 (824) 449-2608",
    "address": "309 Montieth Street, Bedias, Nevada, 5621",
    "about": "Laborum reprehenderit nisi magna laboris excepteur cillum nostrud sunt aliquip ipsum anim elit ipsum pariatur. Est cupidatat reprehenderit irure laboris nostrud minim laboris ut nulla nisi. Nulla cillum eu commodo aute cillum incididunt nisi ex dolore consequat in.\r\n",
    "eventtime": "2015-12-02T08:18:18 -06:-30",
    "latitude": -86.223821,
    "longitude": 165.921609
  },
  {
    "_id": "60f63521e5fb4f524c4b873a",
    "index": 4,
    "vehicleid": "6cdcf5c4-867c-4a62-ab9f-07a4f2db8c63",
    "vehiclename": "Jeep",
    "cost": "$9,846.87",
    "Fuel": "Electric",
    "color": "black",
    "seatingcapacity": "2 seater",
    "currentowner": "Annie Molina",
    "Transmission": "automatic",
    "sellingcompany": "Company3",
    "phone": "+1 (930) 436-2823",
    "address": "344 Morton Street, Williston, Guam, 4526",
    "about": "Fugiat amet voluptate deserunt occaecat magna reprehenderit est. Fugiat minim do ipsum proident dolore non non in proident. Laboris ipsum exercitation quis culpa ullamco exercitation ad. Deserunt qui in dolore aliquip nisi ullamco sunt pariatur et consequat est cupidatat enim. Ipsum officia veniam ea duis est nulla occaecat et veniam sit labore non tempor magna. Duis amet magna mollit veniam ex dolor ea ex nisi fugiat cillum ea culpa exercitation.\r\n",
    "eventtime": "2014-06-16T03:16:30 -06:-30",
    "latitude": -82.471589,
    "longitude": 93.762164
  },
  {
    "_id": "60f63521295177245e868216",
    "index": 5,
    "vehicleid": "cffbab76-f9a8-4453-bbcf-d3d9ca70200a",
    "vehiclename": "Jeep",
    "cost": "$7,231.81",
    "Fuel": "petrol",
    "color": "brown",
    "seatingcapacity": "7 seater",
    "currentowner": "Dawson Welch",
    "Transmission": "manual",
    "sellingcompany": "Company4",
    "phone": "+1 (829) 556-3183",
    "address": "549 Chauncey Street, Manila, Hawaii, 2299",
    "about": "Anim consequat in nulla anim adipisicing in. Proident consectetur aute et Lorem laboris laboris in cupidatat est exercitation nisi et. Cillum eiusmod non veniam sunt. Consequat et id commodo ipsum aliqua Lorem Lorem est reprehenderit. In occaecat dolor duis duis non deserunt consequat proident do.\r\n",
    "eventtime": "2020-11-18T11:03:31 -06:-30",
    "latitude": -51.518136,
    "longitude": 73.48585
  }
]